Sl No,NO OF ACCIDENT REPORTED ON THIS CORRIDOR UNDER JURISDICTION,FIR NO,Latitude,Longitude,Distance,NO. OF VEHICLE,Date,DAY OF THE WEEK,Month of the year,Year of Accident,Time,D/N,PATTERN OF COLLISION,TYPE OF COLLISION,TYPE OF VEHICLE-1,TYPE OF VEHICLE-2,FATAL,GRIEVOUS,MINOR,SEVERITY,GEOMETRY,PRESENCE OF MEDIAN,PRESENCE OF SHOULDER,PRESENCE OF FOOTPATH,SIDE ROAD,JN/NOT,day_night_label,year,month_num,day,day_of_week,week_of_year,hour,minute,time_bucket,PATTERN_OF_COLLISION_CODE,PATTERN_OF_COLLISION_LABEL,PATTERN_OF_COLLISION_UNKNOWN,TYPE_OF_COLLISION_CODE,TYPE_OF_COLLISION_LABEL,TYPE_OF_COLLISION_UNKNOWN,TYPE_OF_VEHICLE_1_CODE,TYPE_OF_VEHICLE_1_LABEL,TYPE_OF_VEHICLE_1_UNKNOWN,TYPE_OF_VEHICLE_2_CODE,TYPE_OF_VEHICLE_2_LABEL,TYPE_OF_VEHICLE_2_UNKNOWN,is_weekend,is_night,severity_target
129.0,Pothencode,1900/2023,8.59716604221745,76.8934164940216,3.9,2.0,2023-10-30,Monday,October,2023,6.3,D,2.0,5,3.0,1.0,0.0,1.0,1.0,G,curve,no,yes,no,0.0,yes,Day,2023.0,10,30,Monday,44,6.0,30.0,6-12,2,Vehicle to Vehicle,False,5,Head On Collision,False,3,Car/Jeep/Taxi,False,1,Motorised Two-Wheeler,False,0,0,Grievous
130.0,Pothencode,1933/2023,8.59716604221745,76.8934164940216,3.9,2.0,2023-11-10,Friday,November,2023,16.3,D,2.0,5,3.0,1.0,0.0,1.0,0.0,G,curve,no,yes,no,0.0,yes,Day,2023.0,11,10,Friday,45,16.0,30.0,12-18,2,Vehicle to Vehicle,False,5,Head On Collision,False,3,Car/Jeep/Taxi,False,1,Motorised Two-Wheeler,False,0,0,Grievous
131.0,Pothencode,1953/2023,8.59716604221745,76.8934164940216,3.9,2.0,2023-10-14,Saturday,October,2023,19.0,N,2.0,1,1.0,1.0,0.0,1.0,1.0,G,curve,no,yes,no,0.0,yes,Night,2023.0,10,14,Saturday,41,19.0,0.0,18-24,2,Vehicle to Vehicle,False,1,Hit from Back,False,1,Motorised Two-Wheeler,False,1,Motorised Two-Wheeler,False,1,1,Grievous
132.0,Pothencode,2054/2023,8.60255090352727,76.8976455780212,4.8,1.0,2023-12-05,Tuesday,December,2023,16.3,D,3.0,8,4.0,11.0,1.0,0.0,0.0,F,straight,no,yes,yes,0.0,yes,Day,2023.0,12,5,Tuesday,49,16.0,30.0,12-18,3,Vehicle to Pedestrian,False,8,Hit Pedestrian,False,4,Bus,False,11,Pedestrian,False,0,0,Fatal
133.0,Pothencode,2092/2023,8.62638487617681,76.8998745123181,7.8,1.0,2023-11-24,Friday,November,2023,17.3,D,3.0,8,1.0,11.0,0.0,1.0,0.0,G,curve,no,yes,no,1.0,no,Day,2023.0,11,24,Friday,47,17.0,30.0,12-18,3,Vehicle to Pedestrian,False,8,Hit Pedestrian,False,1,Motorised Two-Wheeler,False,11,Pedestrian,False,0,0,Grievous
134.0,Pothencode,2106/2023,8.629755180513,76.9023832196815,8.3,2.0,2023-12-09,Saturday,December,2023,9.3,D,2.0,11,3.0,1.0,0.0,1.0,0.0,G,straight,no,yes,no,1.0,no,Day,2023.0,12,9,Saturday,49,9.0,30.0,6-12,2,Vehicle to Vehicle,False,11,Others (Specify),False,3,Car/Jeep/Taxi,False,1,Motorised Two-Wheeler,False,1,0,Grievous
135.0,Venjarammood,133/2021,8.720989,76.89857,19.5,1.0,2021-01-19,Tuesday,January,2021,13.0,D,3.0,8,1.0,11.0,1.0,0.0,0.0,F,straight,no,yes,yes,0.0,yes,Day,2021.0,1,19,Tuesday,3,13.0,0.0,12-18,3,Vehicle to Pedestrian,False,8,Hit Pedestrian,False,1,Motorised Two-Wheeler,False,11,Pedestrian,False,0,0,Fatal
136.0,Venjarammood,153/2021,8.650729,76.905939,11.1,1.0,2021-01-08,Friday,January,2021,17.3,D,3.0,8,1.0,11.0,0.0,1.0,0.0,G,straight,no,yes,no,0.0,no,Day,2021.0,1,8,Friday,1,17.0,30.0,12-18,3,Vehicle to Pedestrian,False,8,Hit Pedestrian,False,1,Motorised Two-Wheeler,False,11,Pedestrian,False,0,0,Grievous
137.0,Venjarammood,158/2021,8.715337,76.901636,18.8,1.0,2021-01-08,Friday,January,2021,12.15,D,3.0,8,3.0,11.0,0.0,1.0,0.0,G,curve,no,no,no,1.0,no,Day,2021.0,1,8,Friday,1,12.0,15.0,12-18,3,Vehicle to Pedestrian,False,8,Hit Pedestrian,False,3,Car/Jeep/Taxi,False,11,Pedestrian,False,0,0,Grievous
138.0,Venjarammood,49/2021,8.67439,76.91096,14.0,2.0,2021-01-04,Monday,January,2021,13.0,D,2.0,2,3.0,1.0,0.0,1.0,0.0,G,straight,no,yes,no,1.0,no,Day,2021.0,1,4,Monday,1,13.0,0.0,12-18,2,Vehicle to Vehicle,False,2,Hit from Side,False,3,Car/Jeep/Taxi,False,1,Motorised Two-Wheeler,False,0,0,Grievous
139.0,Venjarammood,51/2021,8.67353,76.91132,13.9,1.0,2021-01-07,Thursday,January,2021,23.3,N,3.0,8,3.0,11.0,0.0,1.0,0.0,G,straight,no,yes,no,2.0,no,Night,2021.0,1,7,Thursday,1,23.0,30.0,18-24,3,Vehicle to Pedestrian,False,8,Hit Pedestrian,False,3,Car/Jeep/Taxi,False,11,Pedestrian,False,0,1,Grievous
140.0,Venjarammood,96/2021,8.712303,76.903495,18.3,2.0,2021-01-12,Tuesday,January,2021,19.3,N,2.0,5,1.0,1.0,0.0,1.0,0.0,G,straight,no,yes,no,1.0,yes,Night,2021.0,1,12,Tuesday,2,19.0,30.0,18-24,2,Vehicle to Vehicle,False,5,Head On Collision,False,1,Motorised Two-Wheeler,False,1,Motorised Two-Wheeler,False,0,1,Grievous
141.0,Venjarammood,323/2021,8.654091,76.909447,11.6,2.0,2021-02-23,Tuesday,February,2021,17.35,D,2.0,5,1.0,1.0,0.0,2.0,0.0,G,straight,no,yes,no,1.0,no,Day,2021.0,2,23,Tuesday,8,17.0,35.0,12-18,2,Vehicle to Vehicle,False,5,Head On Collision,False,1,Motorised Two-Wheeler,False,1,Motorised Two-Wheeler,False,0,0,Grievous
142.0,Venjarammood,324/2021,8.645611,76.903255,10.4,2.0,2021-02-17,Wednesday,February,2021,16.3,D,2.0,5,5.0,1.0,0.0,1.0,0.0,G,curve,no,yes,no,2.0,no,Day,2021.0,2,17,Wednesday,7,16.0,30.0,12-18,2,Vehicle to Vehicle,False,5,Head On Collision,False,5,Mini Bus/Passenger Tempo/Passenger Van,False,1,Motorised Two-Wheeler,False,0,0,Grievous
143.0,Venjarammood,335/2021,8.664165,76.911266,12.8,1.0,2021-02-03,Wednesday,February,2021,10.0,D,3.0,8,1.0,11.0,0.0,1.0,0.0,G,straight,yes,yes,yes,0.0,yes,Day,2021.0,2,3,Wednesday,5,10.0,0.0,6-12,3,Vehicle to Pedestrian,False,8,Hit Pedestrian,False,1,Motorised Two-Wheeler,False,11,Pedestrian,False,0,0,Grievous
144.0,Venjarammood,346/2021,8.645611,76.903255,10.4,2.0,2021-02-20,Saturday,February,2021,15.45,D,2.0,1,3.0,1.0,0.0,1.0,2.0,G,curve,no,yes,no,2.0,no,Day,2021.0,2,20,Saturday,7,15.0,45.0,12-18,2,Vehicle to Vehicle,False,1,Hit from Back,False,3,Car/Jeep/Taxi,False,1,Motorised Two-Wheeler,False,1,0,Grievous
145.0,Venjarammood,349/2021,8.704242,76.904438,17.4,2.0,2021-03-07,Sunday,March,2021,19.15,N,2.0,5,3.0,1.0,1.0,0.0,0.0,F,straight,no,yes,no,1.0,no,Night,2021.0,3,7,Sunday,9,19.0,15.0,18-24,2,Vehicle to Vehicle,False,5,Head On Collision,False,3,Car/Jeep/Taxi,False,1,Motorised Two-Wheeler,False,1,1,Fatal
146.0,Venjarammood,354/2021,8.65451,76.90953,11.7,2.0,2021-02-26,Friday,February,2021,11.3,D,2.0,2,2.0,1.0,0.0,2.0,0.0,G,curve,no,yes,no,1.0,no,Day,2021.0,2,26,Friday,8,11.0,30.0,6-12,2,Vehicle to Vehicle,False,2,Hit from Side,False,2,Passenger Auto,False,1,Motorised Two-Wheeler,False,0,0,Grievous
147.0,Venjarammood,364/2021,8.727037,76.89826,20.2,2.0,2021-03-13,Saturday,March,2021,3.45,N,2.0,1,8.0,8.0,2.0,0.0,0.0,F,straight,no,yes,no,0.0,no,Night,2021.0,3,13,Saturday,10,3.0,45.0,0-6,2,Vehicle to Vehicle,False,1,Hit from Back,False,8,Truck/Lorry,False,8,Truck/Lorry,False,1,1,Fatal
148.0,Venjarammood,370/2021,8.683108,76.908353,15.0,2.0,2021-01-18,Monday,January,2021,20.3,N,2.0,5,1.0,1.0,0.0,2.0,0.0,G,straight,no,yes,yes,1.0,no,Night,2021.0,1,18,Monday,3,20.0,30.0,18-24,2,Vehicle to Vehicle,False,5,Head On Collision,False,1,Motorised Two-Wheeler,False,1,Motorised Two-Wheeler,False,0,1,Grievous
149.0,Venjarammood,379/2021,8.721688,76.898273,19.6,2.0,2021-01-31,Sunday,January,2021,16.15,D,2.0,1,1.0,1.0,0.0,0.0,2.0,M,curve,no,yes,yes,0.0,no,Day,2021.0,1,31,Sunday,4,16.0,15.0,12-18,2,Vehicle to Vehicle,False,1,Hit from Back,False,1,Motorised Two-Wheeler,False,1,Motorised Two-Wheeler,False,1,0,Minor
150.0,Venjarammood,393/2021,8.67427,76.911052,14.0,2.0,2021-02-23,Tuesday,February,2021,11.0,D,2.0,1,1.0,1.0,0.0,1.0,0.0,G,straight,no,yes,no,1.0,no,Day,2021.0,2,23,Tuesday,8,11.0,0.0,6-12,2,Vehicle to Vehicle,False,1,Hit from Back,False,1,Motorised Two-Wheeler,False,1,Motorised Two-Wheeler,False,0,0,Grievous
151.0,Venjarammood,429/2021,8.683046,76.908347,15.0,2.0,2021-02-07,Sunday,February,2021,19.45,N,2.0,1,2.0,1.0,0.0,2.0,0.0,G,straight,no,yes,yes,1.0,no,Night,2021.0,2,7,Sunday,5,19.0,45.0,18-24,2,Vehicle to Vehicle,False,1,Hit from Back,False,2,Passenger Auto,False,1,Motorised Two-Wheeler,False,1,1,Grievous
152.0,Venjarammood,511/2021,8.675736,76.91036,14.2,1.0,2021-03-21,Sunday,March,2021,20.3,N,3.0,8,3.0,11.0,0.0,0.0,1.0,M,straight,no,yes,yes,0.0,no,Night,2021.0,3,21,Sunday,11,20.0,30.0,18-24,3,Vehicle to Pedestrian,False,8,Hit Pedestrian,False,3,Car/Jeep/Taxi,False,11,Pedestrian,False,1,1,Minor
153.0,Venjarammood,426/2021,8.71218,76.903557,18.3,2.0,2021-02-08,Monday,February,2021,12.3,D,2.0,5,2.0,5.0,0.0,1.0,0.0,G,straight,no,yes,no,1.0,yes,Day,2021.0,2,8,Monday,6,12.0,30.0,12-18,2,Vehicle to Vehicle,False,5,Head On Collision,False,2,Passenger Auto,False,5,Mini Bus/Passenger Tempo/Passenger Van,False,0,0,Grievous
154.0,Venjarammood,559/2021,8.654074,76.909464,11.6,2.0,2021-04-14,Wednesday,April,2021,20.0,N,2.0,2,1.0,1.0,0.0,1.0,0.0,G,straight,no,yes,no,1.0,no,Night,2021.0,4,14,Wednesday,15,20.0,0.0,18-24,2,Vehicle to Vehicle,False,2,Hit from Side,False,1,Motorised Two-Wheeler,False,1,Motorised Two-Wheeler,False,0,1,Grievous
155.0,Venjarammood,1211/2021,8.68126,76.909,14.8,2.0,2021-06-03,Thursday,June,2021,17.0,D,2.0,1,3.0,1.0,0.0,1.0,0.0,G,straight,no,yes,yes,2.0,no,Day,2021.0,6,3,Thursday,22,17.0,0.0,12-18,2,Vehicle to Vehicle,False,1,Hit from Back,False,3,Car/Jeep/Taxi,False,1,Motorised Two-Wheeler,False,0,0,Grievous
156.0,Venjarammood,1377/2021,8.72096,76.8985,19.5,2.0,2021-04-26,Monday,April,2021,14.45,D,2.0,1,8.0,1.0,0.0,1.0,0.0,G,straight,no,yes,yes,0.0,yes,Day,2021.0,4,26,Monday,17,14.0,45.0,12-18,2,Vehicle to Vehicle,False,1,Hit from Back,False,8,Truck/Lorry,False,1,Motorised Two-Wheeler,False,0,0,Grievous
157.0,Venjarammood,1435/2021,8.678173,76.909536,14.4,1.0,2021-04-02,Friday,April,2021,12.0,D,3.0,8,1.0,11.0,0.0,1.0,0.0,G,straight,yes,yes,yes,0.0,yes,Day,2021.0,4,2,Friday,13,12.0,0.0,12-18,3,Vehicle to Pedestrian,False,8,Hit Pedestrian,False,1,Motorised Two-Wheeler,False,11,Pedestrian,False,0,0,Grievous
158.0,Venjarammood,687/2021,8.630224,76.902471,8.3,1.0,2021-05-31,Monday,May,2021,15.3,D,1.0,4,1.0,0.0,1.0,0.0,0.0,F,straight,no,yes,no,1.0,no,Day,2021.0,5,31,Monday,22,15.0,30.0,12-18,1,Single Vehicle,False,4,Vehicle Overturn/Skidding,False,1,Motorised Two-Wheeler,False,0,Unknown/Out-of-master,True,0,0,Fatal
159.0,Venjarammood,1609/2021 ,8.678966,76.909138,14.5,2.0,2021-06-16,Wednesday,June,2021,19.45,N,2.0,2,1.0,1.0,0.0,1.0,0.0,G,straight,no,yes,yes,0.0,no,Night,2021.0,6,16,Wednesday,24,19.0,45.0,18-24,2,Vehicle to Vehicle,False,2,Hit from Side,False,1,Motorised Two-Wheeler,False,1,Motorised Two-Wheeler,False,0,1,Grievous
160.0,Venjarammood,1617/2021 ,8.664059,76.91119,12.8,2.0,2021-07-10,Saturday,July,2021,8.45,D,2.0,2,8.0,1.0,1.0,0.0,1.0,F,straight,yes,yes,yes,0.0,yes,Day,2021.0,7,10,Saturday,27,8.0,45.0,6-12,2,Vehicle to Vehicle,False,2,Hit from Side,False,8,Truck/Lorry,False,1,Motorised Two-Wheeler,False,1,0,Fatal
161.0,Venjarammood,1650/2021 ,8.677857,76.909639,14.4,1.0,2021-03-23,Tuesday,March,2021,17.45,D,3.0,8,1.0,11.0,0.0,1.0,0.0,G,straight,yes,yes,yes,0.0,yes,Day,2021.0,3,23,Tuesday,12,17.0,45.0,12-18,3,Vehicle to Pedestrian,False,8,Hit Pedestrian,False,1,Motorised Two-Wheeler,False,11,Pedestrian,False,0,0,Grievous
162.0,Venjarammood,1687/2021 ,8.681219,76.90894,14.8,2.0,2021-05-25,Tuesday,May,2021,9.0,D,2.0,2,6.0,1.0,0.0,1.0,0.0,G,straight,no,yes,yes,2.0,no,Day,2021.0,5,25,Tuesday,21,9.0,0.0,6-12,2,Vehicle to Vehicle,False,2,Hit from Side,False,6,Goods Auto/Goods Pick-up Van,False,1,Motorised Two-Wheeler,False,0,0,Grievous
163.0,Venjarammood,1762/2021 ,8.690289,76.905793,15.9,2.0,2021-07-13,Tuesday,July,2021,12.0,D,2.0,2,3.0,5.0,0.0,2.0,1.0,G,straight,no,yes,no,1.0,no,Day,2021.0,7,13,Tuesday,28,12.0,0.0,12-18,2,Vehicle to Vehicle,False,2,Hit from Side,False,3,Car/Jeep/Taxi,False,5,Mini Bus/Passenger Tempo/Passenger Van,False,0,0,Grievous
164.0,Venjarammood,1983/2021,8.678164,76.909449,14.4,1.0,2021-03-06,Saturday,March,2021,2.3,N,1.0,4,3.0,0.0,0.0,1.0,0.0,G,straight,yes,yes,yes,0.0,yes,Night,2021.0,3,6,Saturday,9,2.0,30.0,0-6,1,Single Vehicle,False,4,Vehicle Overturn/Skidding,False,3,Car/Jeep/Taxi,False,0,Unknown/Out-of-master,True,1,1,Grievous
165.0,Venjarammood,2019/2021,8.664059,76.91119,12.8,2.0,2021-08-03,Tuesday,August,2021,18.3,N,2.0,2,3.0,1.0,0.0,2.0,0.0,G,straight,yes,yes,yes,0.0,yes,Night,2021.0,8,3,Tuesday,31,18.0,30.0,18-24,2,Vehicle to Vehicle,False,2,Hit from Side,False,3,Car/Jeep/Taxi,False,1,Motorised Two-Wheeler,False,0,1,Grievous
166.0,Venjarammood,2075/2021,8.712225,76.903556,18.3,2.0,2021-08-18,Wednesday,August,2021,9.1,D,2.0,5,3.0,1.0,0.0,1.0,0.0,G,straight,no,yes,no,1.0,yes,Day,2021.0,8,18,Wednesday,33,9.0,10.0,6-12,2,Vehicle to Vehicle,False,5,Head On Collision,False,3,Car/Jeep/Taxi,False,1,Motorised Two-Wheeler,False,0,0,Grievous
167.0,Venjarammood,2096/2021,8.678164,76.909449,14.4,2.0,2021-08-21,Saturday,August,2021,17.3,D,2.0,11,3.0,1.0,0.0,1.0,0.0,G,straight,yes,yes,yes,0.0,yes,Day,2021.0,8,21,Saturday,33,17.0,30.0,12-18,2,Vehicle to Vehicle,False,11,Others (Specify),False,3,Car/Jeep/Taxi,False,1,Motorised Two-Wheeler,False,1,0,Grievous
168.0,Venjarammood,2105/2021,8.715272,76.901612,18.7,2.0,2021-08-18,Wednesday,August,2021,9.0,D,2.0,2,1.0,1.0,0.0,1.0,0.0,G,curve,no,no,no,0.0,no,Day,2021.0,8,18,Wednesday,33,9.0,0.0,6-12,2,Vehicle to Vehicle,False,2,Hit from Side,False,1,Motorised Two-Wheeler,False,1,Motorised Two-Wheeler,False,0,0,Grievous
169.0,Venjarammood,2119/2021,8.678164,76.909449,14.4,2.0,2021-08-30,Monday,August,2021,23.15,N,2.0,5,3.0,1.0,1.0,1.0,0.0,F,straight,yes,yes,yes,0.0,yes,Night,2021.0,8,30,Monday,35,23.0,15.0,18-24,2,Vehicle to Vehicle,False,5,Head On Collision,False,3,Car/Jeep/Taxi,False,1,Motorised Two-Wheeler,False,0,1,Fatal
170.0,Venjarammood,2163/2021,8.677345,76.909836,14.3,2.0,2021-04-02,Friday,April,2021,11.2,D,2.0,5,1.0,1.0,0.0,1.0,0.0,G,curve,no,yes,yes,2.0,no,Day,2021.0,4,2,Friday,13,11.0,20.0,6-12,2,Vehicle to Vehicle,False,5,Head On Collision,False,1,Motorised Two-Wheeler,False,1,Motorised Two-Wheeler,False,0,0,Grievous
171.0,Venjarammood,2140/2021,8.643818,76.901373,10.1,1.0,2021-08-04,Wednesday,August,2021,23.0,N,1.0,4,1.0,0.0,1.0,0.0,0.0,F,curve,no,yes,no,1.0,no,Night,2021.0,8,4,Wednesday,31,23.0,0.0,18-24,1,Single Vehicle,False,4,Vehicle Overturn/Skidding,False,1,Motorised Two-Wheeler,False,0,Unknown/Out-of-master,True,0,1,Fatal
172.0,Venjarammood,2158/2021,8.694957,76.906049,16.4,2.0,2021-06-18,Friday,June,2021,19.3,N,2.0,5,3.0,1.0,0.0,1.0,0.0,G,curve,no,yes,no,1.0,no,Night,2021.0,6,18,Friday,24,19.0,30.0,18-24,2,Vehicle to Vehicle,False,5,Head On Collision,False,3,Car/Jeep/Taxi,False,1,Motorised Two-Wheeler,False,0,1,Grievous
173.0,Venjarammood,2218/2021,8.685558,76.907218,15.3,2.0,2021-09-10,Friday,September,2021,8.0,N,2.0,2,4.0,1.0,0.0,1.0,0.0,G,straight,no,yes,no,0.0,no,Night,2021.0,9,10,Friday,36,8.0,0.0,6-12,2,Vehicle to Vehicle,False,2,Hit from Side,False,4,Bus,False,1,Motorised Two-Wheeler,False,0,1,Grievous
174.0,Venjarammood,2159/2021,8.688003,76.906381,15.6,2.0,2021-03-05,Friday,March,2021,8.4,D,2.0,1,1.0,1.0,0.0,1.0,0.0,G,straight,no,yes,no,2.0,no,Day,2021.0,3,5,Friday,9,8.0,40.0,6-12,2,Vehicle to Vehicle,False,1,Hit from Back,False,1,Motorised Two-Wheeler,False,1,Motorised Two-Wheeler,False,0,0,Grievous
175.0,Venjarammood,2219/2021,8.670957,76.911411,13.6,2.0,2021-09-20,Monday,September,2021,12.0,D,2.0,2,1.0,1.0,0.0,1.0,0.0,G,straight,no,yes,no,2.0,no,Day,2021.0,9,20,Monday,38,12.0,0.0,12-18,2,Vehicle to Vehicle,False,2,Hit from Side,False,1,Motorised Two-Wheeler,False,1,Motorised Two-Wheeler,False,0,0,Grievous
176.0,Venjarammood,2205/2021,8.726961,76.898244,20.2,2.0,2021-09-07,Tuesday,September,2021,14.47,D,2.0,1,3.0,1.0,0.0,2.0,0.0,G,straight,no,yes,no,0.0,no,Day,2021.0,9,7,Tuesday,36,14.0,47.0,12-18,2,Vehicle to Vehicle,False,1,Hit from Back,False,3,Car/Jeep/Taxi,False,1,Motorised Two-Wheeler,False,0,0,Grievous
177.0,Venjarammood,2183/2021,8.664059,76.91119,12.8,2.0,2021-06-10,Thursday,June,2021,18.45,N,2.0,2,1.0,1.0,0.0,1.0,0.0,G,straight,yes,yes,yes,0.0,yes,Night,2021.0,6,10,Thursday,23,18.0,45.0,18-24,2,Vehicle to Vehicle,False,2,Hit from Side,False,1,Motorised Two-Wheeler,False,1,Motorised Two-Wheeler,False,0,1,Grievous
178.0,Venjarammood,2162/2021,8.708694,76.903659,17.9,2.0,2021-08-14,Saturday,August,2021,10.3,D,2.0,5,4.0,1.0,0.0,1.0,0.0,G,straight,no,yes,no,3.0,no,Day,2021.0,8,14,Saturday,32,10.0,30.0,6-12,2,Vehicle to Vehicle,False,5,Head On Collision,False,4,Bus,False,1,Motorised Two-Wheeler,False,1,0,Grievous
179.0,Venjarammood,2305/2021,8.71531,76.901572,18.8,2.0,2021-10-13,Wednesday,October,2021,9.2,D,2.0,2,1.0,1.0,0.0,1.0,0.0,G,curve,no,no,no,1.0,no,Day,2021.0,10,13,Wednesday,41,9.0,20.0,6-12,2,Vehicle to Vehicle,False,2,Hit from Side,False,1,Motorised Two-Wheeler,False,1,Motorised Two-Wheeler,False,0,0,Grievous
180.0,Venjarammood,2306/2021,8.671401,76.911349,13.6,2.0,2021-10-17,Sunday,October,2021,7.0,D,2.0,3,3.0,2.0,0.0,1.0,0.0,G,straight,no,yes,no,2.0,no,Day,2021.0,10,17,Sunday,41,7.0,0.0,6-12,2,Vehicle to Vehicle,False,3,Run Off Road,False,3,Car/Jeep/Taxi,False,2,Passenger Auto,False,1,0,Grievous
181.0,Venjarammood,2355/2021,8.688008,76.906394,15.6,2.0,2021-10-27,Wednesday,October,2021,4.3,N,2.0,1,8.0,3.0,0.0,1.0,0.0,G,straight,no,yes,no,2.0,no,Night,2021.0,10,27,Wednesday,43,4.0,30.0,0-6,2,Vehicle to Vehicle,False,1,Hit from Back,False,8,Truck/Lorry,False,3,Car/Jeep/Taxi,False,0,1,Grievous
182.0,Venjarammood,2369/2021,8.712328,76.903558,18.3,1.0,2021-11-11,Thursday,November,2021,8.3,D,3.0,8,3.0,11.0,0.0,1.0,0.0,G,straight,no,yes,no,1.0,yes,Day,2021.0,11,11,Thursday,45,8.0,30.0,6-12,3,Vehicle to Pedestrian,False,8,Hit Pedestrian,False,3,Car/Jeep/Taxi,False,11,Pedestrian,False,0,0,Grievous
183.0,Venjarammood,2357/2021,8.675777,76.910331,14.2,2.0,2021-09-30,Thursday,September,2021,17.0,D,2.0,5,1.0,1.0,0.0,1.0,0.0,G,straight,no,yes,yes,0.0,no,Day,2021.0,9,30,Thursday,39,17.0,0.0,12-18,2,Vehicle to Vehicle,False,5,Head On Collision,False,1,Motorised Two-Wheeler,False,1,Motorised Two-Wheeler,False,0,0,Grievous
184.0,Venjarammood,2382/2021,8.694957,76.906049,16.4,1.0,2021-11-19,Friday,November,2021,8.0,D,3.0,8,1.0,11.0,1.0,0.0,0.0,F,curve,no,yes,no,1.0,no,Day,2021.0,11,19,Friday,46,8.0,0.0,6-12,3,Vehicle to Pedestrian,False,8,Hit Pedestrian,False,1,Motorised Two-Wheeler,False,11,Pedestrian,False,0,0,Fatal
185.0,Venjarammood,2349/2021,8.664059,76.91119,12.8,1.0,2021-02-09,Tuesday,February,2021,6.3,D,1.0,11,2.0,14.0,0.0,1.0,0.0,G,straight,yes,yes,yes,0.0,yes,Day,2021.0,2,9,Tuesday,6,6.0,30.0,6-12,1,Single Vehicle,False,11,Others (Specify),False,2,Passenger Auto,False,14,Others (Specify),False,0,0,Grievous
186.0,Venjarammood,2350/2021,8.639863,76.900281,9.6,2.0,2021-10-12,Tuesday,October,2021,21.3,N,2.0,1,1.0,1.0,0.0,1.0,0.0,G,curve,no,yes,no,1.0,no,Night,2021.0,10,12,Tuesday,41,21.0,30.0,18-24,2,Vehicle to Vehicle,False,1,Hit from Back,False,1,Motorised Two-Wheeler,False,1,Motorised Two-Wheeler,False,0,1,Grievous
187.0,Venjarammood,2387/2021,8.665278,76.911411,13.0,1.0,2021-09-23,Thursday,September,2021,18.3,N,3.0,8,5.0,11.0,0.0,1.0,0.0,G,straight,no,yes,yes,2.0,no,Night,2021.0,9,23,Thursday,38,18.0,30.0,18-24,3,Vehicle to Pedestrian,False,8,Hit Pedestrian,False,5,Mini Bus/Passenger Tempo/Passenger Van,False,11,Pedestrian,False,0,1,Grievous
188.0,Venjarammood,2381/2021,8.654092,76.909421,11.7,1.0,2021-10-27,Wednesday,October,2021,9.3,D,3.0,8,1.0,11.0,0.0,1.0,0.0,G,curve,no,yes,no,1.0,no,Day,2021.0,10,27,Wednesday,43,9.0,30.0,6-12,3,Vehicle to Pedestrian,False,8,Hit Pedestrian,False,1,Motorised Two-Wheeler,False,11,Pedestrian,False,0,0,Grievous
189.0,Venjarammood,2391/2021,8.671215,76.911356,13.6,2.0,2021-11-22,Monday,November,2021,19.0,N,2.0,1,1.0,1.0,1.0,0.0,0.0,F,straight,no,yes,no,2.0,no,Night,2021.0,11,22,Monday,47,19.0,0.0,18-24,2,Vehicle to Vehicle,False,1,Hit from Back,False,1,Motorised Two-Wheeler,False,1,Motorised Two-Wheeler,False,0,1,Fatal
190.0,Venjarammood,2392/2021,8.678201,76.909496,14.4,2.0,2021-06-18,Friday,June,2021,12.0,D,2.0,1,3.0,1.0,0.0,1.0,0.0,G,straight,yes,yes,yes,0.0,yes,Day,2021.0,6,18,Friday,24,12.0,0.0,12-18,2,Vehicle to Vehicle,False,1,Hit from Back,False,3,Car/Jeep/Taxi,False,1,Motorised Two-Wheeler,False,0,0,Grievous
191.0,Venjarammood,2471/2021,8.664059,76.91119,12.8,1.0,2021-11-03,Wednesday,November,2021,9.15,D,1.0,4,1.0,0.0,0.0,1.0,0.0,G,straight,yes,yes,yes,0.0,yes,Day,2021.0,11,3,Wednesday,44,9.0,15.0,6-12,1,Single Vehicle,False,4,Vehicle Overturn/Skidding,False,1,Motorised Two-Wheeler,False,0,Unknown/Out-of-master,True,0,0,Grievous
192.0,Venjarammood,2462/2021,8.726829,76.898313,20.2,2.0,2021-12-04,Saturday,December,2021,19.3,N,2.0,2,3.0,1.0,0.0,1.0,1.0,G,straight,no,yes,no,0.0,no,Night,2021.0,12,4,Saturday,48,19.0,30.0,18-24,2,Vehicle to Vehicle,False,2,Hit from Side,False,3,Car/Jeep/Taxi,False,1,Motorised Two-Wheeler,False,1,1,Grievous