Sl No,NO OF ACCIDENT REPORTED ON THIS CORRIDOR UNDER JURISDICTION,FIR NO,Latitude,Longitude,Distance,NO. OF VEHICLE,Date,DAY OF THE WEEK,Month of the year,Year of Accident,Time,D/N,PATTERN OF COLLISION,TYPE OF COLLISION,TYPE OF VEHICLE-1,TYPE OF VEHICLE-2,FATAL,GRIEVOUS,MINOR,SEVERITY,GEOMETRY,PRESENCE OF MEDIAN,PRESENCE OF SHOULDER,PRESENCE OF FOOTPATH,SIDE ROAD,JN/NOT,day_night_label,year,month_num,day,day_of_week,week_of_year,hour,minute,time_bucket,PATTERN_OF_COLLISION_CODE,PATTERN_OF_COLLISION_LABEL,PATTERN_OF_COLLISION_UNKNOWN,TYPE_OF_COLLISION_CODE,TYPE_OF_COLLISION_LABEL,TYPE_OF_COLLISION_UNKNOWN,TYPE_OF_VEHICLE_1_CODE,TYPE_OF_VEHICLE_1_LABEL,TYPE_OF_VEHICLE_1_UNKNOWN,TYPE_OF_VEHICLE_2_CODE,TYPE_OF_VEHICLE_2_LABEL,TYPE_OF_VEHICLE_2_UNKNOWN,is_weekend,is_night,severity_target
322.0,Kilimannoor,204/2023,8.775712,76.879121,26.4,2.0,2022-09-22,Thursday,September,22-09-2022,3.3,N,2.0,2,8.0,1.0,0.0,1.0,1.0,G,curve,no,yes,no,0.0,yes,Night,2022.0,9,22,Thursday,38,3.0,30.0,0-6,2,Vehicle to Vehicle,False,2,Hit from Side,False,8,Truck/Lorry,False,1,Motorised Two-Wheeler,False,0,1,Grievous
323.0,Kilimannoor,230/2023,8.78095211002562,76.8784551321079,27.0,2.0,2023-02-10,Friday,February,2023,10.3,D,2.0,1,3.0,1.0,0.0,2.0,0.0,G,curve,no,yes,no,0.0,no,Day,2023.0,2,10,Friday,6,10.0,30.0,6-12,2,Vehicle to Vehicle,False,1,Hit from Back,False,3,Car/Jeep/Taxi,False,1,Motorised Two-Wheeler,False,0,0,Grievous
324.0,Kilimannoor,254/2023,8.729423,76.898506,20.5,2.0,2023-02-09,Thursday,February,2023,13.5,D,2.0,1,5.0,2.0,0.0,1.0,1.0,G,straight,no,yes,yes,1.0,no,Day,2023.0,2,9,Thursday,6,13.0,50.0,12-18,2,Vehicle to Vehicle,False,1,Hit from Back,False,5,Mini Bus/Passenger Tempo/Passenger Van,False,2,Passenger Auto,False,0,0,Grievous
325.0,Kilimannoor,304/2023,8.76464,76.887465,24.8,2.0,2023-02-16,Thursday,February,16-02-2023,5.45,N,2.0,5,8.0,1.0,0.0,1.0,0.0,G,straight,no,yes,no,0.0,no,Night,2023.0,2,16,Thursday,7,5.0,45.0,0-6,2,Vehicle to Vehicle,False,5,Head On Collision,False,8,Truck/Lorry,False,1,Motorised Two-Wheeler,False,0,1,Grievous
326.0,Kilimannoor,323/2023,8.731102,76.898421,20.7,2.0,2023-03-04,Saturday,March,2023,18.15,D,6.0,8,4.0,1.0,0.0,1.0,0.0,G,straight,no,yes,yes,0.0,no,Day,2023.0,3,4,Saturday,9,18.0,15.0,18-24,6,Hit Standing/Parked Vehicle,False,8,Hit Pedestrian,False,4,Bus,False,1,Motorised Two-Wheeler,False,1,0,Grievous
327.0,Kilimannoor,340/2023,8.770102,76.881062,25.8,2.0,2023-02-17,Friday,February,17-02-2023,14.4,D,2.0,1,4.0,2.0,0.0,1.0,0.0,G,curve,yes,yes,yes,0.0,yes,Day,2023.0,2,17,Friday,7,14.0,40.0,12-18,2,Vehicle to Vehicle,False,1,Hit from Back,False,4,Bus,False,2,Passenger Auto,False,0,0,Grievous
328.0,Kilimannoor,433/2023,8.7823150293908,76.8788263583888,27.2,2.0,2023-03-03,Friday,March,2023,19.55,N,2.0,5,1.0,3.0,0.0,2.0,1.0,G,curve,no,yes,no,1.0,no,Night,2023.0,3,3,Friday,9,19.0,55.0,18-24,2,Vehicle to Vehicle,False,5,Head On Collision,False,1,Motorised Two-Wheeler,False,3,Car/Jeep/Taxi,False,0,1,Grievous
329.0,Kilimannoor,467/2023,8.730279,76.898488,20.6,1.0,2023-02-07,Tuesday,February,2023,11.3,D,3.0,8,1.0,11.0,0.0,1.0,0.0,G,straight,no,yes,yes,0.0,yes,Day,2023.0,2,7,Tuesday,6,11.0,30.0,6-12,3,Vehicle to Pedestrian,False,8,Hit Pedestrian,False,1,Motorised Two-Wheeler,False,11,Pedestrian,False,0,0,Grievous
330.0,Kilimannoor,480/2023,8.762738,76.88853,24.5,3.0,2023-04-02,Sunday,April,2023,15.45,D,2.0,1,3.0,1.0,0.0,2.0,0.0,G,curve,no,yes,no,3.0,no,Day,2023.0,4,2,Sunday,13,15.0,45.0,12-18,2,Vehicle to Vehicle,False,1,Hit from Back,False,3,Car/Jeep/Taxi,False,1,Motorised Two-Wheeler,False,1,0,Grievous
331.0,Kilimannoor,491/2023,8.731102,76.898421,20.7,2.0,2023-03-29,Wednesday,March,29-03-2023,11.3,D,2.0,2,5.0,1.0,0.0,3.0,0.0,G,straight,no,yes,yes,0.0,no,Day,2023.0,3,29,Wednesday,13,11.0,30.0,6-12,2,Vehicle to Vehicle,False,2,Hit from Side,False,5,Mini Bus/Passenger Tempo/Passenger Van,False,1,Motorised Two-Wheeler,False,0,0,Grievous
332.0,Kilimannoor,519/2023,8.729423,76.898506,20.4,2.0,2023-03-07,Tuesday,March,2023,11.45,D,2.0,2,1.0,1.0,0.0,1.0,0.0,G,straight,no,yes,no,1.0,no,Day,2023.0,3,7,Tuesday,10,11.0,45.0,6-12,2,Vehicle to Vehicle,False,2,Hit from Side,False,1,Motorised Two-Wheeler,False,1,Motorised Two-Wheeler,False,0,0,Grievous
333.0,Kilimannoor,526/2023,8.755021,76.893954,23.5,1.0,2023-04-04,Tuesday,April,2023,15.3,D,3.0,8,3.0,11.0,0.0,1.0,0.0,G,straight,no,yes,yes,1.0,yes,Day,2023.0,4,4,Tuesday,14,15.0,30.0,12-18,3,Vehicle to Pedestrian,False,8,Hit Pedestrian,False,3,Car/Jeep/Taxi,False,11,Pedestrian,False,0,0,Grievous
334.0,Kilimannoor,540/2023,8.767873,76.885238,25.2,2.0,2023-04-08,Saturday,April,2023,8.3,D,2.0,2,3.0,1.0,0.0,1.0,0.0,G,curve,no,yes,yes,1.0,no,Day,2023.0,4,8,Saturday,14,8.0,30.0,6-12,2,Vehicle to Vehicle,False,2,Hit from Side,False,3,Car/Jeep/Taxi,False,1,Motorised Two-Wheeler,False,1,0,Grievous
335.0,Kilimannoor,550/2023,8.76214176,76.888912,24.4,2.0,2023-04-12,Wednesday,April,2023,18.4,N,2.0,2,3.0,1.0,0.0,1.0,0.0,G,straight,no,yes,no,2.0,no,Night,2023.0,4,12,Wednesday,15,18.0,40.0,18-24,2,Vehicle to Vehicle,False,2,Hit from Side,False,3,Car/Jeep/Taxi,False,1,Motorised Two-Wheeler,False,0,1,Grievous
336.0,Kilimannoor,552/2023,8.758975,76.891115,24.0,2.0,2023-03-28,Tuesday,March,28-03-2023,8.55,D,2.0,2,1.0,1.0,0.0,1.0,0.0,G,straight,no,yes,no,2.0,no,Day,2023.0,3,28,Tuesday,13,8.0,55.0,6-12,2,Vehicle to Vehicle,False,2,Hit from Side,False,1,Motorised Two-Wheeler,False,1,Motorised Two-Wheeler,False,0,0,Grievous
337.0,Kilimannoor,588/2023,8.736532,76.898662,21.3,2.0,2023-04-12,Wednesday,April,2023,18.15,D,2.0,5,1.0,1.0,0.0,1.0,0.0,G,curve,no,yes,no,2.0,no,Day,2023.0,4,12,Wednesday,15,18.0,15.0,18-24,2,Vehicle to Vehicle,False,5,Head On Collision,False,1,Motorised Two-Wheeler,False,1,Motorised Two-Wheeler,False,0,0,Grievous
338.0,Kilimannoor,656/2023,8.795607,76.87913,29.2,2.0,2023-04-17,Monday,April,17-04-2023,20.0,N,2.0,2,3.0,1.0,0.0,2.0,0.0,G,curve,no,yes,no,1.0,no,Night,2023.0,4,17,Monday,16,20.0,0.0,18-24,2,Vehicle to Vehicle,False,2,Hit from Side,False,3,Car/Jeep/Taxi,False,1,Motorised Two-Wheeler,False,0,1,Grievous
339.0,Kilimannoor,673/2023,8.773716,76.879492,26.2,2.0,2023-04-28,Friday,April,28-04-2023,19.45,N,2.0,5,3.0,1.0,0.0,1.0,0.0,G,curve,no,yes,yes,0.0,no,Night,2023.0,4,28,Friday,17,19.0,45.0,18-24,2,Vehicle to Vehicle,False,5,Head On Collision,False,3,Car/Jeep/Taxi,False,1,Motorised Two-Wheeler,False,0,1,Grievous
340.0,Kilimannoor,686/2023,8.786638,76.88344,28.0,3.0,2023-04-29,Saturday,April,29-04-2023,16.45,D,2.0,5,3.0,5.0,0.0,0.0,2.0,M,curve,no,yes,no,1.0,no,Day,2023.0,4,29,Saturday,17,16.0,45.0,12-18,2,Vehicle to Vehicle,False,5,Head On Collision,False,3,Car/Jeep/Taxi,False,5,Mini Bus/Passenger Tempo/Passenger Van,False,1,0,Minor
341.0,Kilimannoor,696/2023,8.783176,76.880965,27.4,2.0,2023-05-06,Saturday,May,2023,17.0,D,2.0,1,4.0,6.0,0.0,0.0,1.0,M,straight,no,yes,no,2.0,no,Day,2023.0,5,6,Saturday,18,17.0,0.0,12-18,2,Vehicle to Vehicle,False,1,Hit from Back,False,4,Bus,False,6,Goods Auto/Goods Pick-up Van,False,1,0,Minor
342.0,Kilimannoor,708/2023,8.79344734326619,76.8802360534978,28.9,2.0,2023-05-13,Saturday,May,13-05-2023,9.5,D,2.0,5,3.0,2.0,1.0,5.0,0.0,F,curve,no,yes,no,2.0,no,Day,2023.0,5,13,Saturday,19,9.0,50.0,6-12,2,Vehicle to Vehicle,False,5,Head On Collision,False,3,Car/Jeep/Taxi,False,2,Passenger Auto,False,1,0,Fatal
343.0,Kilimannoor,720/2023,8.79344734326619,76.8802360534978,28.9,2.0,2023-05-12,Friday,May,2023,17.3,D,6.0,2,3.0,2.0,0.0,2.0,2.0,G,curve,no,yes,no,2.0,no,Day,2023.0,5,12,Friday,19,17.0,30.0,12-18,6,Hit Standing/Parked Vehicle,False,2,Hit from Side,False,3,Car/Jeep/Taxi,False,2,Passenger Auto,False,0,0,Grievous
344.0,Kilimannoor,755/2023,8.729423,76.898506,25.2,2.0,2023-04-17,Monday,April,17-04-2023,20.0,N,2.0,2,1.0,1.0,0.0,1.0,0.0,G,curve,no,yes,yes,1.0,no,Night,2023.0,4,17,Monday,16,20.0,0.0,18-24,2,Vehicle to Vehicle,False,2,Hit from Side,False,1,Motorised Two-Wheeler,False,1,Motorised Two-Wheeler,False,0,1,Grievous
345.0,Kilimannoor,829/2023,8.783071,76.880313,27.4,2.0,2023-05-28,Sunday,May,28-05-2023,14.15,D,2.0,5,3.0,1.0,0.0,2.0,0.0,G,straight,no,yes,no,2.0,no,Day,2023.0,5,28,Sunday,21,14.0,15.0,12-18,2,Vehicle to Vehicle,False,5,Head On Collision,False,3,Car/Jeep/Taxi,False,1,Motorised Two-Wheeler,False,1,0,Grievous
346.0,Kilimannoor,849/2023,8.785229,76.883575,27.8,2.0,2023-05-26,Friday,May,26-05-2023,19.3,N,2.0,5,3.0,1.0,0.0,1.0,1.0,G,curve,no,yes,no,1.0,no,Night,2023.0,5,26,Friday,21,19.0,30.0,18-24,2,Vehicle to Vehicle,False,5,Head On Collision,False,3,Car/Jeep/Taxi,False,1,Motorised Two-Wheeler,False,0,1,Grievous
347.0,Kilimannoor,913/2023,8.78223,76.878843,27.2,1.0,2023-06-04,Sunday,June,2023,20.0,N,3.0,8,5.0,11.0,0.0,1.0,0.0,G,curve,no,yes,no,1.0,no,Night,2023.0,6,4,Sunday,22,20.0,0.0,18-24,3,Vehicle to Pedestrian,False,8,Hit Pedestrian,False,5,Mini Bus/Passenger Tempo/Passenger Van,False,11,Pedestrian,False,1,1,Grievous
348.0,Kilimannoor,934/2023,8.755021,76.893954,23.5,3.0,2023-06-05,Monday,June,2023,21.0,N,2.0,5,3.0,1.0,0.0,1.0,1.0,G,straight,no,yes,yes,1.0,yes,Night,2023.0,6,5,Monday,23,21.0,0.0,18-24,2,Vehicle to Vehicle,False,5,Head On Collision,False,3,Car/Jeep/Taxi,False,1,Motorised Two-Wheeler,False,0,1,Grievous
349.0,Kilimannoor,938/2023,8.773034,76.879801,26.1,2.0,2023-04-17,Monday,April,17-04-2023,17.3,D,2.0,1,1.0,1.0,0.0,1.0,0.0,G,curve,no,yes,yes,0.0,yes,Day,2023.0,4,17,Monday,16,17.0,30.0,12-18,2,Vehicle to Vehicle,False,1,Hit from Back,False,1,Motorised Two-Wheeler,False,1,Motorised Two-Wheeler,False,0,0,Grievous
350.0,Kilimannoor,949/2023,8.775748,76.879098,26.4,2.0,2023-06-08,Thursday,June,2023,9.5,D,2.0,1,3.0,1.0,0.0,1.0,0.0,G,curve,no,yes,no,0.0,yes,Day,2023.0,6,8,Thursday,23,9.0,50.0,6-12,2,Vehicle to Vehicle,False,1,Hit from Back,False,3,Car/Jeep/Taxi,False,1,Motorised Two-Wheeler,False,0,0,Grievous
351.0,Kilimannoor,1013/2023,8.7769,76.879421,26.6,2.0,2023-06-13,Tuesday,June,13-06-2023,9.3,D,2.0,5,3.0,2.0,0.0,2.0,2.0,G,curve,no,yes,yes,2.0,no,Day,2023.0,6,13,Tuesday,24,9.0,30.0,6-12,2,Vehicle to Vehicle,False,5,Head On Collision,False,3,Car/Jeep/Taxi,False,2,Passenger Auto,False,0,0,Grievous
352.0,Kilimannoor,1036/2023,8.755021,76.893954,23.5,2.0,2023-06-24,Saturday,June,24-06-2023,17.0,D,2.0,1,3.0,1.0,0.0,1.0,1.0,G,straight,no,yes,yes,1.0,yes,Day,2023.0,6,24,Saturday,25,17.0,0.0,12-18,2,Vehicle to Vehicle,False,1,Hit from Back,False,3,Car/Jeep/Taxi,False,1,Motorised Two-Wheeler,False,1,0,Grievous
353.0,Kilimannoor,1099/2023,8.74584007007422,76.8982795757231,22.3,1.0,2023-06-24,Saturday,June,24-06-2023,20.3,N,3.0,8,2.0,11.0,0.0,1.0,0.0,G,curve,no,yes,no,0.0,yes,Night,2023.0,6,24,Saturday,25,20.0,30.0,18-24,3,Vehicle to Pedestrian,False,8,Hit Pedestrian,False,2,Passenger Auto,False,11,Pedestrian,False,1,1,Grievous
354.0,Kilimannoor,1100/2023,8.739197,76.898116,21.6,2.0,2023-05-23,Tuesday,May,23-05-2023,9.0,D,2.0,1,1.0,1.0,0.0,1.0,0.0,G,straight,no,yes,no,0.0,no,Day,2023.0,5,23,Tuesday,21,9.0,0.0,6-12,2,Vehicle to Vehicle,False,1,Hit from Back,False,1,Motorised Two-Wheeler,False,1,Motorised Two-Wheeler,False,0,0,Grievous
355.0,Kilimannoor,1140/2023,8.7823150293908,76.8788263583888,27.2,2.0,2023-06-24,Saturday,June,24-06-2023,6.0,D,2.0,5,3.0,2.0,0.0,1.0,1.0,G,curve,no,yes,no,1.0,no,Day,2023.0,6,24,Saturday,25,6.0,0.0,6-12,2,Vehicle to Vehicle,False,5,Head On Collision,False,3,Car/Jeep/Taxi,False,2,Passenger Auto,False,1,0,Grievous
356.0,Kilimannoor,1256/2023,8.755021,76.893954,23.5,1.0,2023-07-18,Tuesday,July,18-07-2023,16.3,D,3.0,8,3.0,11.0,0.0,1.0,0.0,G,straight,no,yes,yes,1.0,yes,Day,2023.0,7,18,Tuesday,29,16.0,30.0,12-18,3,Vehicle to Pedestrian,False,8,Hit Pedestrian,False,3,Car/Jeep/Taxi,False,11,Pedestrian,False,0,0,Grievous
357.0,Kilimannoor,1325/2023,8.807799,76.881953,30.7,2.0,2023-07-15,Saturday,July,15-07-2023,17.0,D,2.0,5,3.0,3.0,0.0,1.0,1.0,G,straight,no,yes,no,0.0,no,Day,2023.0,7,15,Saturday,28,17.0,0.0,12-18,2,Vehicle to Vehicle,False,5,Head On Collision,False,3,Car/Jeep/Taxi,False,3,Car/Jeep/Taxi,False,1,0,Grievous
358.0,Kilimannoor,1327/2023,8.731086,76.898425,20.7,2.0,2023-07-22,Saturday,July,22-07-2023,14.5,D,2.0,1,6.0,3.0,0.0,1.0,0.0,G,straight,no,yes,yes,0.0,no,Day,2023.0,7,22,Saturday,29,14.0,50.0,12-18,2,Vehicle to Vehicle,False,1,Hit from Back,False,6,Goods Auto/Goods Pick-up Van,False,3,Car/Jeep/Taxi,False,1,0,Grievous
359.0,Kilimannoor,1333/2023,8.807799,76.881953,30.7,2.0,2023-07-15,Saturday,July,15-07-2023,17.3,D,2.0,5,3.0,3.0,0.0,1.0,0.0,G,straight,no,yes,no,0.0,no,Day,2023.0,7,15,Saturday,28,17.0,30.0,12-18,2,Vehicle to Vehicle,False,5,Head On Collision,False,3,Car/Jeep/Taxi,False,3,Car/Jeep/Taxi,False,1,0,Grievous
360.0,Kilimannoor,1378/2023,8.795607,76.87913,29.2,2.0,2023-08-05,Saturday,August,2023,21.15,N,2.0,5,4.0,3.0,0.0,3.0,1.0,G,curve,no,yes,no,1.0,no,Night,2023.0,8,5,Saturday,31,21.0,15.0,18-24,2,Vehicle to Vehicle,False,5,Head On Collision,False,4,Bus,False,3,Car/Jeep/Taxi,False,1,1,Grievous
361.0,Kilimannoor,1428/2023,8.755528,76.89361,23.6,1.0,2023-08-11,Friday,August,2023,18.0,D,3.0,8,1.0,11.0,1.0,0.0,0.0,F,straight,no,yes,yes,0.0,no,Day,2023.0,8,11,Friday,32,18.0,0.0,18-24,3,Vehicle to Pedestrian,False,8,Hit Pedestrian,False,1,Motorised Two-Wheeler,False,11,Pedestrian,False,0,0,Fatal
362.0,Kilimannoor,1468/2023,8.731102,76.898421,20.7,1.0,2023-08-19,Saturday,August,19-08-2023,9.5,D,3.0,8,1.0,11.0,0.0,1.0,0.0,G,straight,no,yes,yes,0.0,no,Day,2023.0,8,19,Saturday,33,9.0,50.0,6-12,3,Vehicle to Pedestrian,False,8,Hit Pedestrian,False,1,Motorised Two-Wheeler,False,11,Pedestrian,False,1,0,Grievous
363.0,Kilimannoor,1539/2023,8.774641,76.879084,26.3,2.0,2023-08-10,Thursday,August,2023,12.0,D,2.0,2,3.0,1.0,0.0,1.0,1.0,G,curve,no,yes,no,0.0,no,Day,2023.0,8,10,Thursday,32,12.0,0.0,12-18,2,Vehicle to Vehicle,False,2,Hit from Side,False,3,Car/Jeep/Taxi,False,1,Motorised Two-Wheeler,False,0,0,Grievous
364.0,Kilimannoor,1541/2023,8.785229,76.883575,27.8,2.0,2023-08-20,Sunday,August,20-08-2023,13.0,D,2.0,5,3.0,3.0,0.0,1.0,4.0,G,curve,no,yes,no,1.0,no,Day,2023.0,8,20,Sunday,33,13.0,0.0,12-18,2,Vehicle to Vehicle,False,5,Head On Collision,False,3,Car/Jeep/Taxi,False,3,Car/Jeep/Taxi,False,1,0,Grievous
365.0,Kilimannoor,1547/2023,8.739197,76.898116,21.6,1.0,2023-08-14,Monday,August,14-08-2023,18.3,N,5.0,4,2.0,0.0,0.0,1.0,0.0,G,straight,no,yes,no,0.0,no,Night,2023.0,8,14,Monday,33,18.0,30.0,18-24,5,Vehicle to Animal,False,4,Vehicle Overturn/Skidding,False,2,Passenger Auto,False,0,Unknown/Out-of-master,True,0,1,Grievous
366.0,Kilimannoor,1558/2023,8.7853605607526,76.8836377288425,27.8,2.0,2023-08-10,Thursday,August,2023,15.3,D,2.0,1,1.0,1.0,0.0,1.0,1.0,G,curve,no,yes,no,1.0,no,Day,2023.0,8,10,Thursday,32,15.0,30.0,12-18,2,Vehicle to Vehicle,False,1,Hit from Back,False,1,Motorised Two-Wheeler,False,1,Motorised Two-Wheeler,False,0,0,Grievous
367.0,Kilimannoor,1587/2023,8.7823150293908,76.8788263583888,27.2,2.0,2023-08-30,Wednesday,August,30-08-2023,17.45,D,2.0,5,3.0,2.0,0.0,5.0,0.0,G,curve,no,yes,no,1.0,no,Day,2023.0,8,30,Wednesday,35,17.0,45.0,12-18,2,Vehicle to Vehicle,False,5,Head On Collision,False,3,Car/Jeep/Taxi,False,2,Passenger Auto,False,0,0,Grievous
368.0,Kilimannoor,1602/2023,8.7427187715947,76.8972868334988,21.9,2.0,2023-09-03,Sunday,September,2023,14.3,D,2.0,5,3.0,3.0,0.0,1.0,2.0,G,straight,no,yes,yes,0.0,no,Day,2023.0,9,3,Sunday,35,14.0,30.0,12-18,2,Vehicle to Vehicle,False,5,Head On Collision,False,3,Car/Jeep/Taxi,False,3,Car/Jeep/Taxi,False,1,0,Grievous
369.0,Kilimannoor,1610/2023,8.770102,76.881062,25.8,2.0,2023-08-19,Saturday,August,19-08-2023,18.0,D,2.0,1,2.0,7.0,0.0,1.0,0.0,G,curve,yes,yes,yes,0.0,yes,Day,2023.0,8,19,Saturday,33,18.0,0.0,18-24,2,Vehicle to Vehicle,False,1,Hit from Back,False,2,Passenger Auto,False,7,Goods LCV/Goods Tempo/Mini Lorry/Mini Truck,False,1,0,Grievous
370.0,Kilimannoor,1631/2023,8.729423,76.898506,20.5,1.0,2023-08-03,Thursday,August,2023,20.0,N,3.0,8,1.0,11.0,0.0,1.0,0.0,G,straight,no,yes,yes,1.0,no,Night,2023.0,8,3,Thursday,31,20.0,0.0,18-24,3,Vehicle to Pedestrian,False,8,Hit Pedestrian,False,1,Motorised Two-Wheeler,False,11,Pedestrian,False,0,1,Grievous
371.0,Kilimannoor,1656/2023,8.773034,76.879801,26.1,2.0,2023-08-16,Wednesday,August,16-08-2023,21.3,N,2.0,5,5.0,7.0,0.0,1.0,0.0,G,curve,no,yes,yes,0.0,yes,Night,2023.0,8,16,Wednesday,33,21.0,30.0,18-24,2,Vehicle to Vehicle,False,5,Head On Collision,False,5,Mini Bus/Passenger Tempo/Passenger Van,False,7,Goods LCV/Goods Tempo/Mini Lorry/Mini Truck,False,0,1,Grievous
372.0,Kilimannoor,1664/2023,8.755021,76.893954,23.5,2.0,2023-09-10,Sunday,September,2023,19.15,N,7.0,2,1.0,1.0,0.0,1.0,0.0,G,straight,no,yes,yes,1.0,yes,Night,2023.0,9,10,Sunday,36,19.0,15.0,18-24,7,Hit Fixed/Stationary Object,False,2,Hit from Side,False,1,Motorised Two-Wheeler,False,1,Motorised Two-Wheeler,False,1,1,Grievous
373.0,Kilimannoor,1674/2023,8.755021,76.893954,23.5,1.0,2023-09-16,Saturday,September,16-09-2023,10.0,D,3.0,8,1.0,11.0,0.0,1.0,0.0,G,straight,no,yes,yes,1.0,yes,Day,2023.0,9,16,Saturday,37,10.0,0.0,6-12,3,Vehicle to Pedestrian,False,8,Hit Pedestrian,False,1,Motorised Two-Wheeler,False,11,Pedestrian,False,1,0,Grievous
374.0,Kilimannoor,1687/2023,8.783176,76.880965,27.4,3.0,2023-09-12,Tuesday,September,2023,9.3,D,2.0,1,3.0,3.0,0.0,1.0,2.0,G,straight,no,yes,no,2.0,no,Day,2023.0,9,12,Tuesday,37,9.0,30.0,6-12,2,Vehicle to Vehicle,False,1,Hit from Back,False,3,Car/Jeep/Taxi,False,3,Car/Jeep/Taxi,False,0,0,Grievous
375.0,Kilimannoor,1701/2023,8.773716,76.879492,26.2,2.0,2023-08-25,Friday,August,25-08-2023,16.3,D,2.0,1,1.0,1.0,0.0,1.0,0.0,G,curve,no,yes,yes,0.0,no,Day,2023.0,8,25,Friday,34,16.0,30.0,12-18,2,Vehicle to Vehicle,False,1,Hit from Back,False,1,Motorised Two-Wheeler,False,1,Motorised Two-Wheeler,False,0,0,Grievous
376.0,Kilimannoor,1734/2023,8.755058,76.893992,23.5,2.0,2023-09-22,Friday,September,22-09-2023,13.0,D,6.0,2,3.0,1.0,0.0,1.0,0.0,G,straight,no,yes,yes,1.0,yes,Day,2023.0,9,22,Friday,38,13.0,0.0,12-18,6,Hit Standing/Parked Vehicle,False,2,Hit from Side,False,3,Car/Jeep/Taxi,False,1,Motorised Two-Wheeler,False,0,0,Grievous
377.0,Kilimannoor,1752/2023,8.785229,76.883575,27.8,2.0,2023-09-26,Tuesday,September,26-09-2023,18.1,D,2.0,5,3.0,1.0,0.0,1.0,1.0,G,curve,no,yes,no,1.0,no,Day,2023.0,9,26,Tuesday,39,18.0,10.0,18-24,2,Vehicle to Vehicle,False,5,Head On Collision,False,3,Car/Jeep/Taxi,False,1,Motorised Two-Wheeler,False,0,0,Grievous
378.0,Kilimannoor,1784/2023,8.76464,76.887465,24.8,2.0,2023-09-10,Sunday,September,2023,18.3,N,2.0,2,3.0,1.0,0.0,1.0,1.0,G,straight,no,yes,no,0.0,no,Night,2023.0,9,10,Sunday,36,18.0,30.0,18-24,2,Vehicle to Vehicle,False,2,Hit from Side,False,3,Car/Jeep/Taxi,False,1,Motorised Two-Wheeler,False,1,1,Grievous
379.0,Kilimannoor,1788/2023,8.781219,76.878478,27.1,2.0,2023-09-17,Sunday,September,17-09-2023,13.0,D,2.0,1,3.0,1.0,0.0,1.0,0.0,G,curve,no,yes,no,0.0,no,Day,2023.0,9,17,Sunday,37,13.0,0.0,12-18,2,Vehicle to Vehicle,False,1,Hit from Back,False,3,Car/Jeep/Taxi,False,1,Motorised Two-Wheeler,False,1,0,Grievous
380.0,Kilimannoor,1789/2023,8.729423,76.898506,20.5,2.0,2023-08-24,Thursday,August,24-08-2023,14.45,D,2.0,1,4.0,1.0,0.0,1.0,0.0,G,straight,no,yes,yes,1.0,no,Day,2023.0,8,24,Thursday,34,14.0,45.0,12-18,2,Vehicle to Vehicle,False,1,Hit from Back,False,4,Bus,False,1,Motorised Two-Wheeler,False,0,0,Grievous
381.0,Kilimannoor,1796/2023,8.800887,76.880483,29.8,2.0,2023-09-28,Thursday,September,28-09-2023,16.45,D,2.0,1,3.0,1.0,0.0,2.0,0.0,G,curve,no,yes,yes,0.0,yes,Day,2023.0,9,28,Thursday,39,16.0,45.0,12-18,2,Vehicle to Vehicle,False,1,Hit from Back,False,3,Car/Jeep/Taxi,False,1,Motorised Two-Wheeler,False,0,0,Grievous
382.0,Kilimannoor,1811/2023,8.755058,76.893992,23.5,1.0,2023-09-27,Wednesday,September,27-09-2023,17.0,D,1.0,4,2.0,0.0,0.0,1.0,1.0,G,straight,no,yes,yes,1.0,yes,Day,2023.0,9,27,Wednesday,39,17.0,0.0,12-18,1,Single Vehicle,False,4,Vehicle Overturn/Skidding,False,2,Passenger Auto,False,0,Unknown/Out-of-master,True,0,0,Grievous
383.0,Kilimannoor,1836/2023,8.729423,76.898506,20.5,1.0,2023-08-31,Thursday,August,31-08-2023,5.45,N,3.0,8,3.0,11.0,0.0,1.0,0.0,G,straight,no,yes,yes,1.0,no,Night,2023.0,8,31,Thursday,35,5.0,45.0,0-6,3,Vehicle to Pedestrian,False,8,Hit Pedestrian,False,3,Car/Jeep/Taxi,False,11,Pedestrian,False,0,1,Grievous
384.0,Kilimannoor,1893/2023,8.7823150293908,76.8788263583888,27.2,2.0,2023-10-13,Friday,October,13-10-2023,19.45,N,2.0,5,1.0,1.0,0.0,2.0,0.0,G,curve,no,yes,no,1.0,no,Night,2023.0,10,13,Friday,41,19.0,45.0,18-24,2,Vehicle to Vehicle,False,5,Head On Collision,False,1,Motorised Two-Wheeler,False,1,Motorised Two-Wheeler,False,0,1,Grievous