Sl No,NO OF ACCIDENT REPORTED ON THIS CORRIDOR UNDER JURISDICTION,FIR NO,Latitude,Longitude,Distance,NO. OF VEHICLE,Date,DAY OF THE WEEK,Month of the year,Year of Accident,Time,D/N,PATTERN OF COLLISION,TYPE OF COLLISION,TYPE OF VEHICLE-1,TYPE OF VEHICLE-2,FATAL,GRIEVOUS,MINOR,SEVERITY,GEOMETRY,PRESENCE OF MEDIAN,PRESENCE OF SHOULDER,PRESENCE OF FOOTPATH,SIDE ROAD,JN/NOT,day_night_label,year,month_num,day,day_of_week,week_of_year,hour,minute,time_bucket,PATTERN_OF_COLLISION_CODE,PATTERN_OF_COLLISION_LABEL,PATTERN_OF_COLLISION_UNKNOWN,TYPE_OF_COLLISION_CODE,TYPE_OF_COLLISION_LABEL,TYPE_OF_COLLISION_UNKNOWN,TYPE_OF_VEHICLE_1_CODE,TYPE_OF_VEHICLE_1_LABEL,TYPE_OF_VEHICLE_1_UNKNOWN,TYPE_OF_VEHICLE_2_CODE,TYPE_OF_VEHICLE_2_LABEL,TYPE_OF_VEHICLE_2_UNKNOWN,is_weekend,is_night,severity_target
385.0,Kilimannoor,2012/2023,8.7769,76.879421,26.6,2.0,2023-10-22,Sunday,October,22-10-2023,12.15,D,2.0,7,3.0,1.0,0.0,1.0,1.0,G,curve,no,yes,yes,2.0,no,Day,2023.0,10,22,Sunday,42,12.0,15.0,12-18,2,Vehicle to Vehicle,False,7,Side Swipe,False,3,Car/Jeep/Taxi,False,1,Motorised Two-Wheeler,False,1,0,Grievous
386.0,Kilimannoor,2046/2023,8.800887,76.880483,29.8,1.0,2023-11-07,Tuesday,November,2023,9.2,D,3.0,8,3.0,11.0,0.0,1.0,0.0,G,curve,no,yes,yes,0.0,yes,Day,2023.0,11,7,Tuesday,45,9.0,20.0,6-12,3,Vehicle to Pedestrian,False,8,Hit Pedestrian,False,3,Car/Jeep/Taxi,False,11,Pedestrian,False,0,0,Grievous
387.0,Kilimannoor,2066/2023,8.772652,76.879908,26.1,1.0,2023-11-10,Friday,November,2023,22.45,N,3.0,6,3.0,11.0,0.0,1.0,0.0,G,curve,no,yes,yes,0.0,yes,Night,2023.0,11,10,Friday,45,22.0,45.0,18-24,3,Vehicle to Pedestrian,False,6,Hit and Run,False,3,Car/Jeep/Taxi,False,11,Pedestrian,False,0,1,Grievous
388.0,Kilimannoor,2099/2023,8.73932549132293,76.8981093192335,21.6,2.0,2023-11-15,Wednesday,November,15-11-2023,23.0,N,2.0,5,1.0,1.0,0.0,1.0,1.0,G,straight,no,yes,no,0.0,no,Night,2023.0,11,15,Wednesday,46,23.0,0.0,18-24,2,Vehicle to Vehicle,False,5,Head On Collision,False,1,Motorised Two-Wheeler,False,1,Motorised Two-Wheeler,False,0,1,Grievous
389.0,Kilimannoor,2110/2023,8.7823150293908,76.8788263583888,27.2,2.0,2023-11-17,Friday,November,17-11-2023,14.0,D,2.0,5,6.0,4.0,0.0,0.0,1.0,M,curve,no,yes,no,1.0,no,Day,2023.0,11,17,Friday,46,14.0,0.0,12-18,2,Vehicle to Vehicle,False,5,Head On Collision,False,6,Goods Auto/Goods Pick-up Van,False,4,Bus,False,0,0,Minor
390.0,Kilimannoor,2203/2023,8.785229,76.883575,27.8,2.0,2023-12-02,Saturday,December,2023,19.0,N,2.0,5,6.0,1.0,0.0,1.0,0.0,G,curve,no,yes,no,1.0,no,Night,2023.0,12,2,Saturday,48,19.0,0.0,18-24,2,Vehicle to Vehicle,False,5,Head On Collision,False,6,Goods Auto/Goods Pick-up Van,False,1,Motorised Two-Wheeler,False,1,1,Grievous
391.0,Kilimannoor,2215/2023,8.765838,76.886417,24.9,1.0,2023-11-23,Thursday,November,23-11-2023,10.3,D,3.0,8,3.0,11.0,0.0,1.0,0.0,G,curve,no,yes,no,0.0,no,Day,2023.0,11,23,Thursday,47,10.0,30.0,6-12,3,Vehicle to Pedestrian,False,8,Hit Pedestrian,False,3,Car/Jeep/Taxi,False,11,Pedestrian,False,0,0,Grievous
392.0,Kilimannoor,2223/2023,8.80779678662435,76.8819199075915,30.7,2.0,2023-11-19,Sunday,November,19-11-2023,10.0,D,2.0,1,2.0,1.0,0.0,1.0,1.0,G,straight,no,yes,no,0.0,no,Day,2023.0,11,19,Sunday,46,10.0,0.0,6-12,2,Vehicle to Vehicle,False,1,Hit from Back,False,2,Passenger Auto,False,1,Motorised Two-Wheeler,False,1,0,Grievous
393.0,Kilimannoor,2241/2023,8.80779678662435,76.8819199075915,30.7,1.0,2023-11-26,Sunday,November,26-11-2023,20.3,N,3.0,8,4.0,11.0,0.0,0.0,1.0,M,straight,no,yes,no,0.0,no,Night,2023.0,11,26,Sunday,47,20.0,30.0,18-24,3,Vehicle to Pedestrian,False,8,Hit Pedestrian,False,4,Bus,False,11,Pedestrian,False,1,1,Minor
394.0,Kilimannoor,2273/2023,8.76464,76.887465,24.8,2.0,2023-12-11,Monday,December,2023,20.35,N,2.0,2,3.0,1.0,1.0,0.0,0.0,F,straight,no,yes,no,0.0,no,Night,2023.0,12,11,Monday,50,20.0,35.0,18-24,2,Vehicle to Vehicle,False,2,Hit from Side,False,3,Car/Jeep/Taxi,False,1,Motorised Two-Wheeler,False,0,1,Fatal
395.0,Kilimannoor,2288/2023,8.773716,76.879492,26.2,3.0,2023-12-10,Sunday,December,2023,14.44,D,2.0,1,8.0,3.0,0.0,1.0,0.0,G,curve,no,yes,yes,0.0,no,Day,2023.0,12,10,Sunday,49,14.0,44.0,12-18,2,Vehicle to Vehicle,False,1,Hit from Back,False,8,Truck/Lorry,False,3,Car/Jeep/Taxi,False,1,0,Grievous
396.0,Kilimannoor,2329/2023,8.783176,76.880965,27.4,2.0,2023-12-18,Monday,December,18-12-2023,15.0,D,2.0,5,2.0,1.0,0.0,1.0,0.0,G,straight,no,yes,no,2.0,no,Day,2023.0,12,18,Monday,51,15.0,0.0,12-18,2,Vehicle to Vehicle,False,5,Head On Collision,False,2,Passenger Auto,False,1,Motorised Two-Wheeler,False,0,0,Grievous
397.0,Kilimannoor,2334/2023,8.7853605607526,76.8836377288425,27.8,2.0,2023-12-18,Monday,December,18-12-2023,11.0,D,2.0,2,3.0,3.0,0.0,2.0,1.0,G,curve,no,yes,no,1.0,no,Day,2023.0,12,18,Monday,51,11.0,0.0,6-12,2,Vehicle to Vehicle,False,2,Hit from Side,False,3,Car/Jeep/Taxi,False,3,Car/Jeep/Taxi,False,0,0,Grievous
398.0,Kilimannoor,2369/2023,8.773765,76.879507,26.2,1.0,2023-12-26,Tuesday,December,26-12-2023,22.4,N,3.0,8,3.0,11.0,1.0,0.0,0.0,F,curve,no,yes,yes,0.0,no,Night,2023.0,12,26,Tuesday,52,22.0,40.0,18-24,3,Vehicle to Pedestrian,False,8,Hit Pedestrian,False,3,Car/Jeep/Taxi,False,11,Pedestrian,False,0,1,Fatal
399.0,Kilimannoor,110/2021,8.79649,76.87962,29.3,2.0,2021-01-25,Monday,January,2021,5.3,N,2.0,5,4.0,1.0,0.0,1.0,0.0,G,curve,no,yes,no,0.0,no,Night,2021.0,1,25,Monday,4,5.0,30.0,0-6,2,Vehicle to Vehicle,False,5,Head On Collision,False,4,Bus,False,1,Motorised Two-Wheeler,False,0,1,Grievous
400.0,Kilimannoor,28/2021,8.766422,76.886027,25.0,1.0,2021-01-09,Saturday,January,2021,6.1,D,3.0,8,1.0,11.0,1.0,0.0,0.0,F,curve,no,yes,no,1.0,no,Day,2021.0,1,9,Saturday,1,6.0,10.0,6-12,3,Vehicle to Pedestrian,False,8,Hit Pedestrian,False,1,Motorised Two-Wheeler,False,11,Pedestrian,False,1,0,Fatal
401.0,Kilimannoor,185/2021,8.785329,76.88375,27.8,2.0,2021-02-09,Tuesday,February,2021,19.3,N,2.0,5,3.0,1.0,1.0,0.0,0.0,F,curve,no,yes,no,1.0,no,Night,2021.0,2,9,Tuesday,6,19.0,30.0,18-24,2,Vehicle to Vehicle,False,5,Head On Collision,False,3,Car/Jeep/Taxi,False,1,Motorised Two-Wheeler,False,0,1,Fatal
402.0,Kilimannoor,207/2021,8.800923,76.880479,29.8,2.0,2021-02-14,Sunday,February,2021,17.45,D,2.0,5,3.0,1.0,1.0,1.0,0.0,F,curve,no,yes,yes,0.0,yes,Day,2021.0,2,14,Sunday,6,17.0,45.0,12-18,2,Vehicle to Vehicle,False,5,Head On Collision,False,3,Car/Jeep/Taxi,False,1,Motorised Two-Wheeler,False,1,0,Fatal
403.0,Kilimannoor,243/2021,8.793679,76.879969,28.9,1.0,2021-02-14,Sunday,February,2021,10.45,D,3.0,8,3.0,11.0,0.0,1.0,0.0,G,curve,no,yes,no,2.0,no,Day,2021.0,2,14,Sunday,6,10.0,45.0,6-12,3,Vehicle to Pedestrian,False,8,Hit Pedestrian,False,3,Car/Jeep/Taxi,False,11,Pedestrian,False,1,0,Grievous
404.0,Kilimannoor,127/2021,8.76273,76.88851,24.5,2.0,2021-01-21,Thursday,January,2021,19.45,N,2.0,5,1.0,1.0,0.0,1.0,0.0,G,curve,no,yes,no,3.0,no,Night,2021.0,1,21,Thursday,3,19.0,45.0,18-24,2,Vehicle to Vehicle,False,5,Head On Collision,False,1,Motorised Two-Wheeler,False,1,Motorised Two-Wheeler,False,0,1,Grievous
405.0,Kilimannoor,131/2021,8.736441,76.898619,21.3,2.0,2021-01-27,Wednesday,January,2021,10.3,D,2.0,1,3.0,1.0,0.0,1.0,0.0,G,curve,no,yes,no,2.0,no,Day,2021.0,1,27,Wednesday,4,10.0,30.0,6-12,2,Vehicle to Vehicle,False,1,Hit from Back,False,3,Car/Jeep/Taxi,False,1,Motorised Two-Wheeler,False,0,0,Grievous
406.0,Kilimannoor,188/2021,8.778693,76.879092,26.8,2.0,2021-02-07,Sunday,February,2021,10.0,D,2.0,5,6.0,3.0,0.0,2.0,0.0,G,curve,no,yes,yes,1.0,no,Day,2021.0,2,7,Sunday,5,10.0,0.0,6-12,2,Vehicle to Vehicle,False,5,Head On Collision,False,6,Goods Auto/Goods Pick-up Van,False,3,Car/Jeep/Taxi,False,1,0,Grievous
407.0,Kilimannoor,262/2021,8.78154,76.878534,27.1,2.0,2021-02-28,Sunday,February,2021,19.3,N,2.0,5,3.0,1.0,1.0,1.0,1.0,F,curve,no,yes,no,0.0,no,Night,2021.0,2,28,Sunday,8,19.0,30.0,18-24,2,Vehicle to Vehicle,False,5,Head On Collision,False,3,Car/Jeep/Taxi,False,1,Motorised Two-Wheeler,False,1,1,Fatal
408.0,Kilimannoor,263/2021,8.768586,76.884653,25.3,2.0,2021-02-22,Monday,February,2021,9.0,D,2.0,5,8.0,1.0,0.0,1.0,0.0,G,curve,no,yes,yes,0.0,no,Day,2021.0,2,22,Monday,8,9.0,0.0,6-12,2,Vehicle to Vehicle,False,5,Head On Collision,False,8,Truck/Lorry,False,1,Motorised Two-Wheeler,False,0,0,Grievous
409.0,Kilimannoor,270/2021,8.765925,76.886279,25.0,2.0,2021-02-08,Monday,February,2021,11.0,D,2.0,1,3.0,1.0,0.0,1.0,0.0,G,curve,no,yes,no,1.0,no,Day,2021.0,2,8,Monday,6,11.0,0.0,6-12,2,Vehicle to Vehicle,False,1,Hit from Back,False,3,Car/Jeep/Taxi,False,1,Motorised Two-Wheeler,False,0,0,Grievous
410.0,Kilimannoor,295/2021,8.762779,76.888509,24.5,2.0,2021-02-28,Sunday,February,2021,20.4,N,2.0,5,3.0,1.0,0.0,1.0,0.0,G,curve,no,yes,no,3.0,no,Night,2021.0,2,28,Sunday,8,20.0,40.0,18-24,2,Vehicle to Vehicle,False,5,Head On Collision,False,3,Car/Jeep/Taxi,False,1,Motorised Two-Wheeler,False,1,1,Grievous
411.0,Kilimannoor,301/2021,8.742782,76.897301,21.9,2.0,2021-02-22,Monday,February,2021,20.45,N,2.0,5,3.0,1.0,0.0,1.0,0.0,G,straight,no,yes,yes,0.0,no,Night,2021.0,2,22,Monday,8,20.0,45.0,18-24,2,Vehicle to Vehicle,False,5,Head On Collision,False,3,Car/Jeep/Taxi,False,1,Motorised Two-Wheeler,False,0,1,Grievous
412.0,Kilimannoor,325/2021,8.785329,76.88375,27.8,2.0,2021-03-07,Sunday,March,2021,16.3,D,2.0,2,3.0,1.0,0.0,1.0,0.0,G,curve,no,yes,no,1.0,no,Day,2021.0,3,7,Sunday,9,16.0,30.0,12-18,2,Vehicle to Vehicle,False,2,Hit from Side,False,3,Car/Jeep/Taxi,False,1,Motorised Two-Wheeler,False,1,0,Grievous
413.0,Kilimannoor,326/2021,8.768586,76.884653,25.3,1.0,2021-03-07,Sunday,March,2021,15.3,D,1.0,4,2.0,0.0,1.0,0.0,0.0,F,curve,no,yes,yes,0.0,no,Day,2021.0,3,7,Sunday,9,15.0,30.0,12-18,1,Single Vehicle,False,4,Vehicle Overturn/Skidding,False,2,Passenger Auto,False,0,Unknown/Out-of-master,True,1,0,Fatal
414.0,Kilimannoor,327/2021,8.778693,76.879092,26.8,2.0,2021-02-21,Sunday,February,2021,21.1,N,2.0,1,2.0,3.0,0.0,1.0,0.0,G,curve,no,yes,yes,1.0,no,Night,2021.0,2,21,Sunday,7,21.0,10.0,18-24,2,Vehicle to Vehicle,False,1,Hit from Back,False,2,Passenger Auto,False,3,Car/Jeep/Taxi,False,1,1,Grievous
415.0,Kilimannoor,336/2021,8.807786,76.881886,30.7,2.0,2021-09-01,Wednesday,September,2021,12.0,D,2.0,5,3.0,1.0,0.0,2.0,0.0,G,straight,no,yes,no,0.0,no,Day,2021.0,9,1,Wednesday,35,12.0,0.0,12-18,2,Vehicle to Vehicle,False,5,Head On Collision,False,3,Car/Jeep/Taxi,False,1,Motorised Two-Wheeler,False,0,0,Grievous
416.0,Kilimannoor,348/2021,8.783142,76.880976,27.4,2.0,2021-03-17,Wednesday,March,2021,15.15,D,2.0,1,3.0,3.0,0.0,1.0,0.0,G,straight,no,yes,no,2.0,no,Day,2021.0,3,17,Wednesday,11,15.0,15.0,12-18,2,Vehicle to Vehicle,False,1,Hit from Back,False,3,Car/Jeep/Taxi,False,3,Car/Jeep/Taxi,False,0,0,Grievous
417.0,Kilimannoor,364/2021,8.755029,76.894042,23.5,2.0,2021-03-24,Wednesday,March,2021,9.2,D,2.0,1,3.0,1.0,1.0,1.0,1.0,F,straight,no,yes,yes,1.0,yes,Day,2021.0,3,24,Wednesday,12,9.0,20.0,6-12,2,Vehicle to Vehicle,False,1,Hit from Back,False,3,Car/Jeep/Taxi,False,1,Motorised Two-Wheeler,False,0,0,Fatal
418.0,Kilimannoor,378/2021,8.782396,76.878773,27.2,2.0,2021-03-17,Wednesday,March,2021,19.0,N,2.0,5,3.0,1.0,0.0,0.0,1.0,M,curve,no,yes,no,1.0,no,Night,2021.0,3,17,Wednesday,11,19.0,0.0,18-24,2,Vehicle to Vehicle,False,5,Head On Collision,False,3,Car/Jeep/Taxi,False,1,Motorised Two-Wheeler,False,0,1,Minor
419.0,Kilimannoor,418/2021,8.736441,76.898619,21.3,2.0,2021-04-04,Sunday,April,2021,15.15,D,2.0,1,3.0,1.0,0.0,1.0,0.0,G,curve,no,yes,no,2.0,no,Day,2021.0,4,4,Sunday,13,15.0,15.0,12-18,2,Vehicle to Vehicle,False,1,Hit from Back,False,3,Car/Jeep/Taxi,False,1,Motorised Two-Wheeler,False,1,0,Grievous
420.0,Kilimannoor,509/2021,8.739144,76.898133,21.6,1.0,2021-04-28,Wednesday,April,2021,15.45,D,3.0,8,3.0,11.0,0.0,1.0,0.0,G,straight,no,yes,no,0.0,no,Day,2021.0,4,28,Wednesday,17,15.0,45.0,12-18,3,Vehicle to Pedestrian,False,8,Hit Pedestrian,False,3,Car/Jeep/Taxi,False,11,Pedestrian,False,0,0,Grievous
421.0,Kilimannoor,436/2021,8.78542,76.88361,27.8,1.0,2021-03-19,Friday,March,2021,18.1,N,3.0,8,3.0,11.0,0.0,1.0,0.0,G,curve,no,yes,no,1.0,no,Night,2021.0,3,19,Friday,11,18.0,10.0,18-24,3,Vehicle to Pedestrian,False,8,Hit Pedestrian,False,3,Car/Jeep/Taxi,False,11,Pedestrian,False,0,1,Grievous
422.0,Kilimannoor,544/2021,8.736586,76.898684,21.3,2.0,2021-04-19,Monday,April,2021,11.1,D,2.0,5,8.0,4.0,0.0,1.0,0.0,G,curve,no,yes,no,2.0,no,Day,2021.0,4,19,Monday,16,11.0,10.0,6-12,2,Vehicle to Vehicle,False,5,Head On Collision,False,8,Truck/Lorry,False,4,Bus,False,0,0,Grievous
423.0,Kilimannoor,1404/2021 ,8.772776,76.87988,26.1,2.0,2021-07-02,Friday,July,2021,19.4,N,2.0,5,6.0,1.0,0.0,1.0,0.0,G,curve,no,yes,yes,0.0,yes,Night,2021.0,7,2,Friday,26,19.0,40.0,18-24,2,Vehicle to Vehicle,False,5,Head On Collision,False,6,Goods Auto/Goods Pick-up Van,False,1,Motorised Two-Wheeler,False,0,1,Grievous
424.0,Kilimannoor,1447/2021 ,8.793679,76.879969,28.9,1.0,2021-07-07,Wednesday,July,2021,19.3,N,3.0,8,3.0,11.0,0.0,1.0,0.0,G,curve,no,yes,no,2.0,no,Night,2021.0,7,7,Wednesday,27,19.0,30.0,18-24,3,Vehicle to Pedestrian,False,8,Hit Pedestrian,False,3,Car/Jeep/Taxi,False,11,Pedestrian,False,0,1,Grievous
425.0,Kilimannoor,1531/2021 ,8.730774,76.89843,20.6,20.6,2021-03-26,Friday,March,2021,17.45,D,2.0,1,1.0,3.0,0.0,1.0,0.0,G,straight,no,yes,yes,0.0,yes,Day,2021.0,3,26,Friday,12,17.0,45.0,12-18,2,Vehicle to Vehicle,False,1,Hit from Back,False,1,Motorised Two-Wheeler,False,3,Car/Jeep/Taxi,False,0,0,Grievous
426.0,Kilimannoor,1850/2021,8.736576,76.898708,21.3,2.0,2021-08-03,Tuesday,August,2021,13.3,D,2.0,1,3.0,1.0,0.0,1.0,0.0,G,curve,no,yes,no,2.0,no,Day,2021.0,8,3,Tuesday,31,13.0,30.0,12-18,2,Vehicle to Vehicle,False,1,Hit from Back,False,3,Car/Jeep/Taxi,False,1,Motorised Two-Wheeler,False,0,0,Grievous
427.0,Kilimannoor,1909/2021,8.772699,76.87988,26.1,1.0,2021-08-24,Tuesday,August,2021,4.3,N,3.0,8,1.0,11.0,1.0,0.0,0.0,F,curve,no,yes,yes,0.0,yes,Night,2021.0,8,24,Tuesday,34,4.0,30.0,0-6,3,Vehicle to Pedestrian,False,8,Hit Pedestrian,False,1,Motorised Two-Wheeler,False,11,Pedestrian,False,0,1,Fatal
428.0,Kilimannoor,1913/2021,8.7311,76.89839,20.6,2.0,2021-08-19,Thursday,August,2021,20.0,N,2.0,5,8.0,1.0,0.0,1.0,0.0,G,straight,no,yes,yes,0.0,yes,Night,2021.0,8,19,Thursday,33,20.0,0.0,18-24,2,Vehicle to Vehicle,False,5,Head On Collision,False,8,Truck/Lorry,False,1,Motorised Two-Wheeler,False,0,1,Grievous
429.0,Kilimannoor,2005/2021,8.782362,76.878839,27.2,1.0,2021-08-18,Wednesday,August,2021,8.0,D,3.0,8,1.0,11.0,0.0,1.0,0.0,G,curve,no,yes,no,1.0,no,Day,2021.0,8,18,Wednesday,33,8.0,0.0,6-12,3,Vehicle to Pedestrian,False,8,Hit Pedestrian,False,1,Motorised Two-Wheeler,False,11,Pedestrian,False,0,0,Grievous
430.0,Kilimannoor,1996/2021,8.755089,76.893991,23.5,2.0,2021-08-28,Saturday,August,2021,20.3,N,2.0,1,1.0,8.0,0.0,1.0,0.0,G,straight,no,yes,yes,1.0,yes,Night,2021.0,8,28,Saturday,34,20.0,30.0,18-24,2,Vehicle to Vehicle,False,1,Hit from Back,False,1,Motorised Two-Wheeler,False,8,Truck/Lorry,False,1,1,Grievous
431.0,Kilimannoor,1947/2021,8.769804,76.88215,25.6,2.0,2021-09-01,Wednesday,September,2021,12.0,D,2.0,2,2.0,1.0,0.0,1.0,0.0,G,curve,no,yes,yes,0.0,no,Day,2021.0,9,1,Wednesday,35,12.0,0.0,12-18,2,Vehicle to Vehicle,False,2,Hit from Side,False,2,Passenger Auto,False,1,Motorised Two-Wheeler,False,0,0,Grievous
432.0,Kilimannoor,1950/2021,8.78542,76.88361,27.8,1.0,2021-08-21,Saturday,August,2021,17.3,D,3.0,8,2.0,11.0,0.0,1.0,0.0,G,curve,no,yes,no,1.0,no,Day,2021.0,8,21,Saturday,33,17.0,30.0,12-18,3,Vehicle to Pedestrian,False,8,Hit Pedestrian,False,2,Passenger Auto,False,11,Pedestrian,False,1,0,Grievous
433.0,Kilimannoor,2102/2021,8.793679,76.879969,28.9,1.0,2021-10-29,Friday,October,2021,19.35,N,3.0,8,3.0,11.0,1.0,0.0,0.0,F,curve,no,yes,no,2.0,no,Night,2021.0,10,29,Friday,43,19.0,35.0,18-24,3,Vehicle to Pedestrian,False,8,Hit Pedestrian,False,3,Car/Jeep/Taxi,False,11,Pedestrian,False,0,1,Fatal
434.0,Kilimannoor,2146/2021,8.742568,76.897294,21.9,2.0,2021-11-19,Friday,November,2021,8.3,D,2.0,5,3.0,3.0,0.0,2.0,0.0,G,straight,no,yes,yes,0.0,no,Day,2021.0,11,19,Friday,46,8.0,30.0,6-12,2,Vehicle to Vehicle,False,5,Head On Collision,False,3,Car/Jeep/Taxi,False,3,Car/Jeep/Taxi,False,0,0,Grievous
435.0,Kilimannoor,2149/2021,8.782832,76.879185,27.2,2.0,2021-11-21,Sunday,November,2021,20.0,N,2.0,2,1.0,2.0,0.0,1.0,1.0,G,curve,no,yes,no,1.0,no,Night,2021.0,11,21,Sunday,46,20.0,0.0,18-24,2,Vehicle to Vehicle,False,2,Hit from Side,False,1,Motorised Two-Wheeler,False,2,Passenger Auto,False,1,1,Grievous
436.0,Kilimannoor,2151/2021,8.782832,76.879185,27.2,1.0,2021-11-28,Sunday,November,2021,20.0,N,3.0,8,5.0,11.0,1.0,0.0,0.0,F,curve,no,yes,no,1.0,no,Night,2021.0,11,28,Sunday,47,20.0,0.0,18-24,3,Vehicle to Pedestrian,False,8,Hit Pedestrian,False,5,Mini Bus/Passenger Tempo/Passenger Van,False,11,Pedestrian,False,1,1,Fatal
437.0,Kilimannoor,2109/2021,8.742845,76.897338,21.9,2.0,2021-10-25,Monday,October,2021,12.0,D,2.0,5,1.0,1.0,0.0,1.0,0.0,G,straight,no,yes,yes,0.0,no,Day,2021.0,10,25,Monday,43,12.0,0.0,12-18,2,Vehicle to Vehicle,False,5,Head On Collision,False,1,Motorised Two-Wheeler,False,1,Motorised Two-Wheeler,False,0,0,Grievous
438.0,Kilimannoor,2138/2021,8.783176,76.880965,27.4,1.0,2021-11-14,Sunday,November,2021,15.3,D,1.0,4,2.0,0.0,0.0,1.0,0.0,G,straight,no,yes,no,2.0,no,Day,2021.0,11,14,Sunday,45,15.0,30.0,12-18,1,Single Vehicle,False,4,Vehicle Overturn/Skidding,False,2,Passenger Auto,False,0,Unknown/Out-of-master,True,1,0,Grievous
439.0,Kilimannoor,2112/2021,8.773006,76.8798,26.1,2.0,2021-11-03,Wednesday,November,2021,2.0,N,2.0,2,6.0,1.0,1.0,0.0,0.0,F,curve,no,yes,yes,0.0,yes,Night,2021.0,11,3,Wednesday,44,2.0,0.0,0-6,2,Vehicle to Vehicle,False,2,Hit from Side,False,6,Goods Auto/Goods Pick-up Van,False,1,Motorised Two-Wheeler,False,0,1,Fatal
440.0,Kilimannoor,2123/2021,8.755024,76.893993,23.5,2.0,2021-11-07,Sunday,November,2021,11.0,D,2.0,1,3.0,1.0,0.0,1.0,1.0,G,straight,no,yes,yes,1.0,yes,Day,2021.0,11,7,Sunday,44,11.0,0.0,6-12,2,Vehicle to Vehicle,False,1,Hit from Back,False,3,Car/Jeep/Taxi,False,1,Motorised Two-Wheeler,False,1,0,Grievous
441.0,Kilimannoor,2121/2021,8.78542,76.88361,27.8,2.0,2021-11-05,Friday,November,2021,19.3,D,2.0,1,3.0,1.0,0.0,1.0,0.0,G,curve,no,yes,no,1.0,no,Day,2021.0,11,5,Friday,44,19.0,30.0,18-24,2,Vehicle to Vehicle,False,1,Hit from Back,False,3,Car/Jeep/Taxi,False,1,Motorised Two-Wheeler,False,0,0,Grievous
442.0,Kilimannoor,2106/2021,8.742845,76.897338,21.9,1.0,2021-09-29,Wednesday,September,2021,17.3,D,1.0,4,1.0,0.0,0.0,1.0,0.0,G,straight,no,yes,yes,0.0,no,Day,2021.0,9,29,Wednesday,39,17.0,30.0,12-18,1,Single Vehicle,False,4,Vehicle Overturn/Skidding,False,1,Motorised Two-Wheeler,False,0,Unknown/Out-of-master,True,0,0,Grievous
443.0,Kilimannoor,2110/2021,8.734163,76.898228,21.0,2.0,2021-08-22,Sunday,August,2021,22.0,N,2.0,5,3.0,1.0,0.0,1.0,0.0,G,curve,no,yes,no,0.0,no,Night,2021.0,8,22,Sunday,33,22.0,0.0,18-24,2,Vehicle to Vehicle,False,5,Head On Collision,False,3,Car/Jeep/Taxi,False,1,Motorised Two-Wheeler,False,1,1,Grievous
444.0,Kilimannoor,2164/2021,8.7427187715947,76.8972868334988,21.9,1.0,2021-12-04,Saturday,December,2021,20.3,N,1.0,4,1.0,0.0,1.0,0.0,0.0,F,straight,no,yes,yes,0.0,no,Night,2021.0,12,4,Saturday,48,20.0,30.0,18-24,1,Single Vehicle,False,4,Vehicle Overturn/Skidding,False,1,Motorised Two-Wheeler,False,0,Unknown/Out-of-master,True,1,1,Fatal
445.0,Kilimannoor,2165/2021,8.762812,76.888541,24.5,2.0,2021-12-04,Saturday,December,2021,18.3,N,2.0,5,3.0,1.0,0.0,1.0,0.0,G,curve,no,yes,no,3.0,no,Night,2021.0,12,4,Saturday,48,18.0,30.0,18-24,2,Vehicle to Vehicle,False,5,Head On Collision,False,3,Car/Jeep/Taxi,False,1,Motorised Two-Wheeler,False,1,1,Grievous
446.0,Kilimannoor,2169/2021,8.736441,76.898619,21.3,2.0,2021-11-21,Sunday,November,2021,7.3,D,2.0,1,1.0,1.0,0.0,2.0,0.0,G,curve,no,yes,no,2.0,no,Day,2021.0,11,21,Sunday,46,7.0,30.0,6-12,2,Vehicle to Vehicle,False,1,Hit from Back,False,1,Motorised Two-Wheeler,False,1,Motorised Two-Wheeler,False,1,0,Grievous
447.0,Kilimannoor,2216/2021,8.772652,76.879908,26.1,1.0,2021-12-22,Wednesday,December,2021,15.0,D,3.0,8,1.0,11.0,0.0,1.0,0.0,G,curve,no,yes,yes,0.0,yes,Day,2021.0,12,22,Wednesday,51,15.0,0.0,12-18,3,Vehicle to Pedestrian,False,8,Hit Pedestrian,False,1,Motorised Two-Wheeler,False,11,Pedestrian,False,0,0,Grievous
448.0,Kilimannoor,2231/2021,8.770181,76.881007,25.8,2.0,2021-12-26,Sunday,December,2021,16.0,D,2.0,5,3.0,1.0,0.0,0.0,2.0,M,curve,yes,yes,yes,0.0,yes,Day,2021.0,12,26,Sunday,51,16.0,0.0,12-18,2,Vehicle to Vehicle,False,5,Head On Collision,False,3,Car/Jeep/Taxi,False,1,Motorised Two-Wheeler,False,1,0,Minor
449.0,Kilimannoor,2158/2021,8.772747,76.879854,26.1,2.0,2021-12-01,Wednesday,December,2021,19.3,N,2.0,5,3.0,1.0,0.0,1.0,0.0,G,curve,no,yes,yes,0.0,yes,Night,2021.0,12,1,Wednesday,48,19.0,30.0,18-24,2,Vehicle to Vehicle,False,5,Head On Collision,False,3,Car/Jeep/Taxi,False,1,Motorised Two-Wheeler,False,0,1,Grievous