Sl No,NO OF ACCIDENT REPORTED ON THIS CORRIDOR UNDER JURISDICTION,FIR NO,Latitude,Longitude,Distance,NO. OF VEHICLE,Date,DAY OF THE WEEK,Month of the year,Year of Accident,Time,D/N,PATTERN OF COLLISION,TYPE OF COLLISION,TYPE OF VEHICLE-1,TYPE OF VEHICLE-2,FATAL,GRIEVOUS,MINOR,SEVERITY,GEOMETRY,PRESENCE OF MEDIAN,PRESENCE OF SHOULDER,PRESENCE OF FOOTPATH,SIDE ROAD,JN/NOT,day_night_label,year,month_num,day,day_of_week,week_of_year,hour,minute,time_bucket,PATTERN_OF_COLLISION_CODE,PATTERN_OF_COLLISION_LABEL,PATTERN_OF_COLLISION_UNKNOWN,TYPE_OF_COLLISION_CODE,TYPE_OF_COLLISION_LABEL,TYPE_OF_COLLISION_UNKNOWN,TYPE_OF_VEHICLE_1_CODE,TYPE_OF_VEHICLE_1_LABEL,TYPE_OF_VEHICLE_1_UNKNOWN,TYPE_OF_VEHICLE_2_CODE,TYPE_OF_VEHICLE_2_LABEL,TYPE_OF_VEHICLE_2_UNKNOWN,is_weekend,is_night,severity_target
450.0,Kilimannoor,09/2022,8.776915,76.879383,26.6,2.0,2021-12-25,Saturday,December,2021,13.0,D,2.0,5,1.0,1.0,0.0,1.0,0.0,G,curve,no,yes,yes,2.0,no,Day,2021.0,12,25,Saturday,51,13.0,0.0,12-18,2,Vehicle to Vehicle,False,5,Head On Collision,False,1,Motorised Two-Wheeler,False,1,Motorised Two-Wheeler,False,1,0,Grievous
451.0,Kilimannoor,41/2022,8.7427187715947,76.8972868334988,21.9,2.0,2022-01-12,Wednesday,January,2022,4.0,N,2.0,5,5.0,1.0,1.0,0.0,0.0,F,straight,no,yes,yes,0.0,no,Night,2022.0,1,12,Wednesday,2,4.0,0.0,0-6,2,Vehicle to Vehicle,False,5,Head On Collision,False,5,Mini Bus/Passenger Tempo/Passenger Van,False,1,Motorised Two-Wheeler,False,0,1,Fatal
452.0,Kilimannoor,15/2022,8.755089,76.893991,23.5,2.0,2021-12-18,Saturday,December,2021,20.0,N,2.0,5,8.0,1.0,0.0,1.0,1.0,G,straight,no,yes,yes,1.0,yes,Night,2021.0,12,18,Saturday,50,20.0,0.0,18-24,2,Vehicle to Vehicle,False,5,Head On Collision,False,8,Truck/Lorry,False,1,Motorised Two-Wheeler,False,1,1,Grievous
453.0,Kilimannoor,90/2022,8.769808,76.882108,25.6,2.0,2022-01-27,Thursday,January,2022,19.15,N,2.0,5,6.0,1.0,1.0,0.0,0.0,F,curve,no,yes,yes,0.0,no,Night,2022.0,1,27,Thursday,4,19.0,15.0,18-24,2,Vehicle to Vehicle,False,5,Head On Collision,False,6,Goods Auto/Goods Pick-up Van,False,1,Motorised Two-Wheeler,False,0,1,Fatal
454.0,Kilimannoor,08/2022,8.782396,76.878773,27.2,2.0,2022-01-02,Sunday,January,2022,16.3,D,2.0,5,3.0,2.0,0.0,0.0,2.0,M,curve,no,yes,no,1.0,no,Day,2022.0,1,2,Sunday,52,16.0,30.0,12-18,2,Vehicle to Vehicle,False,5,Head On Collision,False,3,Car/Jeep/Taxi,False,2,Passenger Auto,False,1,0,Minor
455.0,Kilimannoor,31/2022,8.782396,76.878773,27.2,2.0,2021-11-17,Wednesday,November,2021,20.3,N,2.0,1,1.0,1.0,0.0,1.0,0.0,G,curve,no,yes,no,1.0,no,Night,2021.0,11,17,Wednesday,46,20.0,30.0,18-24,2,Vehicle to Vehicle,False,1,Hit from Back,False,1,Motorised Two-Wheeler,False,1,Motorised Two-Wheeler,False,0,1,Grievous
456.0,Kilimannoor,86/2022,8.742814,76.89733,21.9,1.0,2022-01-12,Wednesday,January,2022,19.0,N,1.0,8,3.0,11.0,0.0,1.0,0.0,G,straight,no,yes,yes,0.0,no,Night,2022.0,1,12,Wednesday,2,19.0,0.0,18-24,1,Single Vehicle,False,8,Hit Pedestrian,False,3,Car/Jeep/Taxi,False,11,Pedestrian,False,0,1,Grievous
457.0,Kilimannoor,63/2022,8.78542,76.88361,27.8,2.0,2022-01-12,Wednesday,January,2022,17.3,D,2.0,1,2.0,1.0,0.0,0.0,2.0,M,curve,no,yes,no,1.0,no,Day,2022.0,1,12,Wednesday,2,17.0,30.0,12-18,2,Vehicle to Vehicle,False,1,Hit from Back,False,2,Passenger Auto,False,1,Motorised Two-Wheeler,False,0,0,Minor
458.0,Kilimannoor,07/2022,8.782396,76.878773,27.2,2.0,2021-12-22,Wednesday,December,2021,12.3,D,2.0,2,3.0,1.0,0.0,1.0,1.0,G,curve,no,yes,no,1.0,no,Day,2021.0,12,22,Wednesday,51,12.0,30.0,12-18,2,Vehicle to Vehicle,False,2,Hit from Side,False,3,Car/Jeep/Taxi,False,1,Motorised Two-Wheeler,False,0,0,Grievous
459.0,Kilimannoor,51/2022,8.800871,76.880476,29.8,2.0,2022-01-15,Saturday,January,2022,7.3,D,2.0,1,8.0,5.0,0.0,0.0,3.0,M,curve,no,yes,yes,0.0,yes,Day,2022.0,1,15,Saturday,2,7.0,30.0,6-12,2,Vehicle to Vehicle,False,1,Hit from Back,False,8,Truck/Lorry,False,5,Mini Bus/Passenger Tempo/Passenger Van,False,1,0,Minor
460.0,Kilimannoor,11/2022,8.728354,76.898499,20.3,1.0,2021-12-22,Wednesday,December,2021,19.0,N,1.0,8,1.0,11.0,0.0,1.0,0.0,G,straight,no,yes,no,0.0,no,Night,2021.0,12,22,Wednesday,51,19.0,0.0,18-24,1,Single Vehicle,False,8,Hit Pedestrian,False,1,Motorised Two-Wheeler,False,11,Pedestrian,False,0,1,Grievous
461.0,Kilimannoor,112/2022,8.762751,76.888546,24.5,2.0,2022-01-25,Tuesday,January,2022,13.0,D,2.0,1,2.0,1.0,0.0,1.0,0.0,G,curve,no,yes,no,3.0,no,Day,2022.0,1,25,Tuesday,4,13.0,0.0,12-18,2,Vehicle to Vehicle,False,1,Hit from Back,False,2,Passenger Auto,False,1,Motorised Two-Wheeler,False,0,0,Grievous
462.0,Kilimannoor,114/2022 ,8.742782,76.897301,21.9,2.0,2022-01-21,Friday,January,2022,14.0,D,2.0,1,3.0,1.0,0.0,1.0,0.0,G,straight,no,yes,yes,0.0,no,Day,2022.0,1,21,Friday,3,14.0,0.0,12-18,2,Vehicle to Vehicle,False,1,Hit from Back,False,3,Car/Jeep/Taxi,False,1,Motorised Two-Wheeler,False,0,0,Grievous
463.0,Kilimannoor,115/2022,8.78542,76.88361,27.8,2.0,2021-12-24,Friday,December,2021,7.3,D,2.0,2,3.0,1.0,0.0,1.0,0.0,G,curve,no,yes,no,1.0,no,Day,2021.0,12,24,Friday,51,7.0,30.0,6-12,2,Vehicle to Vehicle,False,2,Hit from Side,False,3,Car/Jeep/Taxi,False,1,Motorised Two-Wheeler,False,0,0,Grievous
464.0,Kilimannoor,144/2022 ,8.769846,76.882117,25.6,2.0,2022-01-10,Monday,January,2022,11.03,D,2.0,1,4.0,2.0,0.0,1.0,0.0,G,curve,no,yes,yes,0.0,no,Day,2022.0,1,10,Monday,2,11.0,3.0,6-12,2,Vehicle to Vehicle,False,1,Hit from Back,False,4,Bus,False,2,Passenger Auto,False,0,0,Grievous
465.0,Kilimannoor,161/2022 ,8.773709,76.87949,26.2,1.0,2022-02-13,Sunday,February,2022,14.3,D,3.0,8,1.0,11.0,0.0,0.0,1.0,M,curve,no,yes,yes,0.0,no,Day,2022.0,2,13,Sunday,6,14.0,30.0,12-18,3,Vehicle to Pedestrian,False,8,Hit Pedestrian,False,1,Motorised Two-Wheeler,False,11,Pedestrian,False,1,0,Minor
466.0,Kilimannoor,172 2022 ,8.762751,76.888546,24.5,2.0,2022-02-12,Saturday,February,2022,18.45,N,2.0,11,1.0,3.0,0.0,1.0,0.0,G,curve,no,yes,no,3.0,no,Night,2022.0,2,12,Saturday,6,18.0,45.0,18-24,2,Vehicle to Vehicle,False,11,Others (Specify),False,1,Motorised Two-Wheeler,False,3,Car/Jeep/Taxi,False,1,1,Grievous
467.0,Kilimannoor,293/2022,8.800768,76.880487,29.8,2.0,2022-03-23,Wednesday,March,2022,9.0,D,2.0,5,3.0,6.0,0.0,1.0,0.0,G,curve,no,yes,yes,0.0,yes,Day,2022.0,3,23,Wednesday,12,9.0,0.0,6-12,2,Vehicle to Vehicle,False,5,Head On Collision,False,3,Car/Jeep/Taxi,False,6,Goods Auto/Goods Pick-up Van,False,0,0,Grievous
468.0,Kilimannoor,360/2022,8.781699,76.878632,27.1,2.0,2022-04-17,Sunday,April,2022,22.4,N,2.0,5,3.0,3.0,0.0,0.0,2.0,M,curve,no,yes,no,0.0,no,Night,2022.0,4,17,Sunday,15,22.0,40.0,18-24,2,Vehicle to Vehicle,False,5,Head On Collision,False,3,Car/Jeep/Taxi,False,3,Car/Jeep/Taxi,False,1,1,Minor
469.0,Kilimannoor,375/2022,8.800881,76.88049,29.8,2.0,2022-04-10,Sunday,April,2022,14.3,D,2.0,1,3.0,1.0,0.0,1.0,1.0,G,curve,no,yes,yes,0.0,yes,Day,2022.0,4,10,Sunday,14,14.0,30.0,12-18,2,Vehicle to Vehicle,False,1,Hit from Back,False,3,Car/Jeep/Taxi,False,1,Motorised Two-Wheeler,False,1,0,Grievous
470.0,Kilimannoor,0408/2022,8.742873,76.897306,21.9,2.0,2022-04-13,Wednesday,April,2022,19.0,N,2.0,1,8.0,1.0,0.0,1.0,0.0,G,straight,no,yes,yes,0.0,no,Night,2022.0,4,13,Wednesday,15,19.0,0.0,18-24,2,Vehicle to Vehicle,False,1,Hit from Back,False,8,Truck/Lorry,False,1,Motorised Two-Wheeler,False,0,1,Grievous
471.0,Kilimannoor,0422/2022,8.728276,76.898444,20.3,2.0,2022-05-03,Tuesday,May,2022,16.45,D,2.0,1,3.0,1.0,0.0,1.0,0.0,G,straight,no,yes,no,0.0,no,Day,2022.0,5,3,Tuesday,18,16.0,45.0,12-18,2,Vehicle to Vehicle,False,1,Hit from Back,False,3,Car/Jeep/Taxi,False,1,Motorised Two-Wheeler,False,0,0,Grievous
472.0,Kilimannoor,0435/2022,8.770265,76.880741,25.8,1.0,2022-04-30,Saturday,April,2022,9.3,D,3.0,8,1.0,11.0,0.0,1.0,0.0,G,curve,yes,yes,yes,0.0,yes,Day,2022.0,4,30,Saturday,17,9.0,30.0,6-12,3,Vehicle to Pedestrian,False,8,Hit Pedestrian,False,1,Motorised Two-Wheeler,False,11,Pedestrian,False,1,0,Grievous
473.0,Kilimannoor,0436/2022,8.78542,76.88361,27.8,2.0,2022-05-06,Friday,May,2022,22.3,N,2.0,5,3.0,1.0,0.0,2.0,0.0,G,curve,no,yes,no,1.0,no,Night,2022.0,5,6,Friday,18,22.0,30.0,18-24,2,Vehicle to Vehicle,False,5,Head On Collision,False,3,Car/Jeep/Taxi,False,1,Motorised Two-Wheeler,False,0,1,Grievous
474.0,Kilimannoor,0437/2022,8.770265,76.880741,25.8,2.0,2022-04-27,Wednesday,April,2022,17.3,D,2.0,2,3.0,1.0,0.0,1.0,0.0,G,curve,yes,yes,yes,0.0,yes,Day,2022.0,4,27,Wednesday,17,17.0,30.0,12-18,2,Vehicle to Vehicle,False,2,Hit from Side,False,3,Car/Jeep/Taxi,False,1,Motorised Two-Wheeler,False,0,0,Grievous
475.0,Kilimannoor,0442/2022,8.771334,76.880259,25.9,1.0,2022-04-24,Sunday,April,2022,21.3,N,3.0,8,3.0,11.0,0.0,0.0,1.0,M,curve,no,yes,no,0.0,no,Night,2022.0,4,24,Sunday,16,21.0,30.0,18-24,3,Vehicle to Pedestrian,False,8,Hit Pedestrian,False,3,Car/Jeep/Taxi,False,11,Pedestrian,False,1,1,Minor
476.0,Kilimannoor,559/2022,8.758989,76.891048,24.0,1.0,2022-06-16,Thursday,June,2022,18.2,N,1.0,8,1.0,11.0,1.0,0.0,0.0,F,straight,no,yes,no,2.0,no,Night,2022.0,6,16,Thursday,24,18.0,20.0,18-24,1,Single Vehicle,False,8,Hit Pedestrian,False,1,Motorised Two-Wheeler,False,11,Pedestrian,False,0,1,Fatal
477.0,Kilimannoor,582/2022,8.807806,76.881925,30.7,1.0,2022-06-24,Friday,June,2022,21.4,N,3.0,8,3.0,11.0,1.0,0.0,0.0,F,straight,no,yes,no,0.0,no,Night,2022.0,6,24,Friday,25,21.0,40.0,18-24,3,Vehicle to Pedestrian,False,8,Hit Pedestrian,False,3,Car/Jeep/Taxi,False,11,Pedestrian,False,0,1,Fatal
478.0,Kilimannoor,589/2022,8.800832,76.880463,29.8,1.0,2022-06-27,Monday,June,2022,18.3,N,3.0,8,3.0,11.0,1.0,0.0,0.0,F,curve,no,yes,yes,0.0,yes,Night,2022.0,6,27,Monday,26,18.0,30.0,18-24,3,Vehicle to Pedestrian,False,8,Hit Pedestrian,False,3,Car/Jeep/Taxi,False,11,Pedestrian,False,0,1,Fatal
479.0,Kilimannoor,507/2022,8.785329,76.88375,27.8,2.0,2022-05-11,Wednesday,May,2022,8.0,D,2.0,5,1.0,1.0,0.0,1.0,0.0,G,curve,no,yes,no,1.0,no,Day,2022.0,5,11,Wednesday,19,8.0,0.0,6-12,2,Vehicle to Vehicle,False,5,Head On Collision,False,1,Motorised Two-Wheeler,False,1,Motorised Two-Wheeler,False,0,0,Grievous
480.0,Kilimannoor,518/2022,8.736649,76.89869,21.3,1.0,2022-01-16,Sunday,January,2022,12.3,D,3.0,8,1.0,11.0,0.0,2.0,0.0,G,curve,no,yes,no,2.0,no,Day,2022.0,1,16,Sunday,2,12.0,30.0,12-18,3,Vehicle to Pedestrian,False,8,Hit Pedestrian,False,1,Motorised Two-Wheeler,False,11,Pedestrian,False,1,0,Grievous
481.0,Kilimannoor,528/2022,8.758989,76.891048,24.0,2.0,2022-05-19,Thursday,May,2022,12.3,D,2.0,5,3.0,3.0,0.0,1.0,0.0,G,straight,no,yes,no,2.0,no,Day,2022.0,5,19,Thursday,20,12.0,30.0,12-18,2,Vehicle to Vehicle,False,5,Head On Collision,False,3,Car/Jeep/Taxi,False,3,Car/Jeep/Taxi,False,0,0,Grievous
482.0,Kilimannoor,536/2022,8.766422,76.886027,25.0,2.0,2022-04-28,Thursday,April,2022,19.0,N,2.0,2,1.0,1.0,0.0,1.0,0.0,G,curve,no,yes,no,1.0,no,Night,2022.0,4,28,Thursday,17,19.0,0.0,18-24,2,Vehicle to Vehicle,False,2,Hit from Side,False,1,Motorised Two-Wheeler,False,1,Motorised Two-Wheeler,False,0,1,Grievous
483.0,Kilimannoor,537/2022,8.758989,76.891048,24.0,2.0,2022-06-06,Monday,June,2022,10.3,D,2.0,5,4.0,1.0,0.0,1.0,0.0,G,straight,no,yes,no,2.0,no,Day,2022.0,6,6,Monday,23,10.0,30.0,6-12,2,Vehicle to Vehicle,False,5,Head On Collision,False,4,Bus,False,1,Motorised Two-Wheeler,False,0,0,Grievous
484.0,Kilimannoor,558/2022,8.76273,76.88851,24.5,2.0,2022-06-08,Wednesday,June,2022,18.3,N,2.0,2,1.0,1.0,0.0,1.0,0.0,G,curve,no,yes,no,3.0,no,Night,2022.0,6,8,Wednesday,23,18.0,30.0,18-24,2,Vehicle to Vehicle,False,2,Hit from Side,False,1,Motorised Two-Wheeler,False,1,Motorised Two-Wheeler,False,0,1,Grievous
485.0,Kilimannoor,0593/2022,8.783274,76.881132,27.5,2.0,2022-06-28,Tuesday,June,2022,18.0,D,2.0,2,1.0,1.0,0.0,1.0,0.0,G,straight,no,yes,no,1.0,no,Day,2022.0,6,28,Tuesday,26,18.0,0.0,18-24,2,Vehicle to Vehicle,False,2,Hit from Side,False,1,Motorised Two-Wheeler,False,1,Motorised Two-Wheeler,False,0,0,Grievous
486.0,Kilimannoor,0628/2022,8.793679,76.879969,28.9,2.0,2022-07-10,Sunday,July,2022,15.3,D,2.0,1,5.0,1.0,0.0,1.0,0.0,G,curve,no,yes,no,2.0,no,Day,2022.0,7,10,Sunday,27,15.0,30.0,12-18,2,Vehicle to Vehicle,False,1,Hit from Back,False,5,Mini Bus/Passenger Tempo/Passenger Van,False,1,Motorised Two-Wheeler,False,1,0,Grievous
487.0,Kilimannoor,0650/2022,8.758989,76.891048,24.0,2.0,2022-06-16,Thursday,June,2022,18.2,N,2.0,5,8.0,3.0,0.0,3.0,0.0,G,straight,no,yes,no,2.0,no,Night,2022.0,6,16,Thursday,24,18.0,20.0,18-24,2,Vehicle to Vehicle,False,5,Head On Collision,False,8,Truck/Lorry,False,3,Car/Jeep/Taxi,False,0,1,Grievous
488.0,Kilimannoor,0657/2022,8.783114,76.880751,27.4,2.0,2022-07-12,Tuesday,July,2022,8.3,D,2.0,2,1.0,1.0,0.0,1.0,0.0,G,straight,no,yes,no,2.0,no,Day,2022.0,7,12,Tuesday,28,8.0,30.0,6-12,2,Vehicle to Vehicle,False,2,Hit from Side,False,1,Motorised Two-Wheeler,False,1,Motorised Two-Wheeler,False,0,0,Grievous
489.0,Kilimannoor,675/2022,8.772747,76.879856,26.1,1.0,2022-07-24,Sunday,July,2022,21.3,N,3.0,8,1.0,11.0,0.0,1.0,0.0,G,curve,no,yes,yes,0.0,yes,Night,2022.0,7,24,Sunday,29,21.0,30.0,18-24,3,Vehicle to Pedestrian,False,8,Hit Pedestrian,False,1,Motorised Two-Wheeler,False,11,Pedestrian,False,1,1,Grievous
490.0,Kilimannoor,385/2021,8.739144,76.898133,21.6,1.0,2021-03-25,Thursday,March,2021,10.0,D,3.0,8,3.0,11.0,0.0,1.0,0.0,G,straight,no,yes,no,0.0,no,Day,2021.0,3,25,Thursday,12,10.0,0.0,6-12,3,Vehicle to Pedestrian,False,8,Hit Pedestrian,False,3,Car/Jeep/Taxi,False,11,Pedestrian,False,0,0,Grievous
491.0,Kilimannoor,441/2021,8.782328,76.878886,27.2,2.0,2021-02-24,Wednesday,February,2021,8.15,D,2.0,1,8.0,1.0,0.0,1.0,0.0,G,curve,no,yes,no,1.0,no,Day,2021.0,2,24,Wednesday,8,8.0,15.0,6-12,2,Vehicle to Vehicle,False,1,Hit from Back,False,8,Truck/Lorry,False,1,Motorised Two-Wheeler,False,0,0,Grievous
492.0,Kilimannoor,383/2021,8.75895,76.89114,24.0,2.0,2021-03-30,Tuesday,March,2021,12.3,D,2.0,1,8.0,1.0,0.0,1.0,0.0,G,straight,no,yes,no,2.0,no,Day,2021.0,3,30,Tuesday,13,12.0,30.0,12-18,2,Vehicle to Vehicle,False,1,Hit from Back,False,8,Truck/Lorry,False,1,Motorised Two-Wheeler,False,0,0,Grievous
493.0,Kilimannoor,03/2022,8.758945,76.891146,24.0,2.0,2021-12-31,Friday,December,2021,6.15,D,2.0,1,3.0,2.0,0.0,2.0,1.0,G,straight,no,yes,no,2.0,no,Day,2021.0,12,31,Friday,52,6.0,15.0,6-12,2,Vehicle to Vehicle,False,1,Hit from Back,False,3,Car/Jeep/Taxi,False,2,Passenger Auto,False,0,0,Grievous
494.0,Kilimannoor,23/2022,8.772776,76.87988,26.1,1.0,2021-12-07,Tuesday,December,2021,10.3,D,1.0,8,1.0,11.0,0.0,1.0,0.0,G,curve,no,yes,yes,0.0,yes,Day,2021.0,12,7,Tuesday,49,10.0,30.0,6-12,1,Single Vehicle,False,8,Hit Pedestrian,False,1,Motorised Two-Wheeler,False,11,Pedestrian,False,0,0,Grievous
495.0,Chadayamangalam,206/2021,8.891885,76.865504,40.9,1.0,2021-02-08,Monday,February,2021,19.2,N,3.0,8,4.0,11.0,1.0,0.0,0.0,F,straight,no,yes,no,0.0,no,Night,2021.0,2,8,Monday,6,19.0,20.0,18-24,3,Vehicle to Pedestrian,False,8,Hit Pedestrian,False,4,Bus,False,11,Pedestrian,False,0,1,Fatal
496.0,Chadayamangalam,421/2021,8.864586,76.870816,37.5,1.0,2021-03-31,Wednesday,March,2021,17.3,D,3.0,8,4.0,11.0,1.0,0.0,0.0,F,curve,no,yes,no,0.0,no,Day,2021.0,3,31,Wednesday,13,17.0,30.0,12-18,3,Vehicle to Pedestrian,False,8,Hit Pedestrian,False,4,Bus,False,11,Pedestrian,False,0,0,Fatal
497.0,Chadayamangalam,434/2021,8.849823,76.876223,35.6,2.0,2021-04-06,Tuesday,April,2021,12.15,D,2.0,1,3.0,1.0,1.0,1.0,0.0,F,curve,no,yes,no,0.0,no,Day,2021.0,4,6,Tuesday,14,12.0,15.0,12-18,2,Vehicle to Vehicle,False,1,Hit from Back,False,3,Car/Jeep/Taxi,False,1,Motorised Two-Wheeler,False,0,0,Fatal
498.0,Chadayamangalam,437/2021,8.887488,76.868786,40.3,2.0,2021-04-07,Wednesday,April,2021,14.0,D,2.0,5,3.0,1.0,1.0,1.0,0.0,F,curve,no,yes,yes,1.0,no,Day,2021.0,4,7,Wednesday,14,14.0,0.0,12-18,2,Vehicle to Vehicle,False,5,Head On Collision,False,3,Car/Jeep/Taxi,False,1,Motorised Two-Wheeler,False,0,0,Fatal
499.0,Chadayamangalam,540/2021,8.87314179161846,76.8693563649041,38.5,1.0,2021-05-05,Wednesday,May,2021,15.0,D,3.0,8,2.0,11.0,1.0,0.0,0.0,F,straight,no,yes,yes,0.0,no,Day,2021.0,5,5,Wednesday,18,15.0,0.0,12-18,3,Vehicle to Pedestrian,False,8,Hit Pedestrian,False,2,Passenger Auto,False,11,Pedestrian,False,0,0,Fatal
500.0,Chadayamangalam,586/2021,8.875132,76.869255,38.7,2.0,2021-05-20,Thursday,May,2021,13.0,D,2.0,5,6.0,2.0,2.0,0.0,0.0,F,curve,no,yes,yes,1.0,no,Day,2021.0,5,20,Thursday,20,13.0,0.0,12-18,2,Vehicle to Vehicle,False,5,Head On Collision,False,6,Goods Auto/Goods Pick-up Van,False,2,Passenger Auto,False,0,0,Fatal
501.0,Chadayamangalam,715/2021,8.872981,76.869393,38.4,2.0,2021-06-21,Monday,June,2021,18.3,N,2.0,5,3.0,1.0,1.0,0.0,0.0,F,curve,no,yes,yes,0.0,yes,Night,2021.0,6,21,Monday,25,18.0,30.0,18-24,2,Vehicle to Vehicle,False,5,Head On Collision,False,3,Car/Jeep/Taxi,False,1,Motorised Two-Wheeler,False,0,1,Fatal
502.0,Chadayamangalam,1357/2021,8.864586,76.870816,37.5,2.0,2021-10-29,Friday,October,2021,19.0,N,2.0,5,1.0,3.0,1.0,0.0,0.0,F,curve,no,yes,no,0.0,no,Night,2021.0,10,29,Friday,43,19.0,0.0,18-24,2,Vehicle to Vehicle,False,5,Head On Collision,False,1,Motorised Two-Wheeler,False,3,Car/Jeep/Taxi,False,0,1,Fatal
503.0,Chadayamangalam,1444/2021,8.849823,76.876223,35.6,2.0,2021-11-19,Friday,November,2021,5.0,N,2.0,5,6.0,3.0,1.0,1.0,0.0,F,curve,no,yes,no,0.0,no,Night,2021.0,11,19,Friday,46,5.0,0.0,0-6,2,Vehicle to Vehicle,False,5,Head On Collision,False,6,Goods Auto/Goods Pick-up Van,False,3,Car/Jeep/Taxi,False,0,1,Fatal
504.0,Chadayamangalam,15/2021,8.881996,76.868576,39.6,2.0,2021-01-02,Saturday,January,2021,6.1,D,2.0,1,8.0,1.0,0.0,1.0,1.0,G,straight,no,yes,no,0.0,no,Day,2021.0,1,2,Saturday,53,6.0,10.0,6-12,2,Vehicle to Vehicle,False,1,Hit from Back,False,8,Truck/Lorry,False,1,Motorised Two-Wheeler,False,1,0,Grievous
505.0,Chadayamangalam,41/2021,8.90339,76.855799,42.6,2.0,2021-01-06,Wednesday,January,2021,15.15,D,2.0,5,6.0,4.0,0.0,2.0,3.0,G,curve,no,yes,no,0.0,no,Day,2021.0,1,6,Wednesday,1,15.0,15.0,12-18,2,Vehicle to Vehicle,False,5,Head On Collision,False,6,Goods Auto/Goods Pick-up Van,False,4,Bus,False,0,0,Grievous
506.0,Chadayamangalam,44/2021,8.887488,76.868786,40.3,2.0,2021-01-05,Tuesday,January,2021,18.0,D,2.0,5,3.0,1.0,0.0,1.0,0.0,G,curve,no,yes,yes,1.0,no,Day,2021.0,1,5,Tuesday,1,18.0,0.0,18-24,2,Vehicle to Vehicle,False,5,Head On Collision,False,3,Car/Jeep/Taxi,False,1,Motorised Two-Wheeler,False,0,0,Grievous
507.0,Chadayamangalam,87/2021,8.894193,76.863132,41.3,2.0,2021-01-16,Saturday,January,2021,10.3,D,2.0,5,4.0,1.0,0.0,1.0,0.0,G,straight,no,yes,no,0.0,no,Day,2021.0,1,16,Saturday,2,10.0,30.0,6-12,2,Vehicle to Vehicle,False,5,Head On Collision,False,4,Bus,False,1,Motorised Two-Wheeler,False,1,0,Grievous
508.0,Chadayamangalam,116/2021,8.841881,76.879505,34.6,2.0,2021-01-01,Friday,January,2021,13.45,D,2.0,2,8.0,2.0,0.0,1.0,2.0,G,straight,no,yes,no,2.0,no,Day,2021.0,1,1,Friday,53,13.0,45.0,12-18,2,Vehicle to Vehicle,False,2,Hit from Side,False,8,Truck/Lorry,False,2,Passenger Auto,False,0,0,Grievous
509.0,Chadayamangalam,120/2021,8.887488,76.868786,40.3,2.0,2021-01-12,Tuesday,January,2021,17.3,D,2.0,5,3.0,1.0,0.0,1.0,1.0,G,curve,no,yes,yes,1.0,no,Day,2021.0,1,12,Tuesday,2,17.0,30.0,12-18,2,Vehicle to Vehicle,False,5,Head On Collision,False,3,Car/Jeep/Taxi,False,1,Motorised Two-Wheeler,False,0,0,Grievous
510.0,Chadayamangalam,134/2021,8.81707,76.882752,31.8,1.0,2021-01-16,Saturday,January,2021,18.3,N,3.0,8,1.0,11.0,0.0,1.0,0.0,G,straight,no,yes,no,0.0,no,Night,2021.0,1,16,Saturday,2,18.0,30.0,18-24,3,Vehicle to Pedestrian,False,8,Hit Pedestrian,False,1,Motorised Two-Wheeler,False,11,Pedestrian,False,1,1,Grievous
511.0,Chadayamangalam,149/2021,8.823812,76.882486,32.5,2.0,2021-01-24,Sunday,January,2021,22.3,D,2.0,5,3.0,3.0,0.0,1.0,0.0,G,curve,no,yes,yes,0.0,yes,Day,2021.0,1,24,Sunday,3,22.0,30.0,18-24,2,Vehicle to Vehicle,False,5,Head On Collision,False,3,Car/Jeep/Taxi,False,3,Car/Jeep/Taxi,False,1,1,Grievous
512.0,Chadayamangalam,156/2021,8.901333,76.856535,42.4,2.0,2021-01-02,Saturday,January,2021,23.15,N,2.0,2,1.0,3.0,0.0,1.0,0.0,G,curve,no,yes,no,1.0,no,Night,2021.0,1,2,Saturday,53,23.0,15.0,18-24,2,Vehicle to Vehicle,False,2,Hit from Side,False,1,Motorised Two-Wheeler,False,3,Car/Jeep/Taxi,False,1,1,Grievous
513.0,Chadayamangalam,199/2021,8.87238,76.869542,38.4,2.0,2021-02-04,Thursday,February,2021,14.0,D,2.0,1,2.0,1.0,0.0,0.0,2.0,M,curve,no,yes,yes,0.0,yes,Day,2021.0,2,4,Thursday,5,14.0,0.0,12-18,2,Vehicle to Vehicle,False,1,Hit from Back,False,2,Passenger Auto,False,1,Motorised Two-Wheeler,False,0,0,Minor
514.0,Chadayamangalam,212/2021,8.895264,76.862144,41.5,2.0,2021-07-02,Friday,July,2021,7.2,D,2.0,7,3.0,1.0,0.0,0.0,1.0,M,straight,no,yes,yes,2.0,no,Day,2021.0,7,2,Friday,26,7.0,20.0,6-12,2,Vehicle to Vehicle,False,7,Side Swipe,False,3,Car/Jeep/Taxi,False,1,Motorised Two-Wheeler,False,0,0,Minor