Sl No,NO OF ACCIDENT REPORTED ON THIS CORRIDOR UNDER JURISDICTION,FIR NO,Latitude,Longitude,Distance,NO. OF VEHICLE,Date,DAY OF THE WEEK,Month of the year,Year of Accident,Time,D/N,PATTERN OF COLLISION,TYPE OF COLLISION,TYPE OF VEHICLE-1,TYPE OF VEHICLE-2,FATAL,GRIEVOUS,MINOR,SEVERITY,GEOMETRY,PRESENCE OF MEDIAN,PRESENCE OF SHOULDER,PRESENCE OF FOOTPATH,SIDE ROAD,JN/NOT,day_night_label,year,month_num,day,day_of_week,week_of_year,hour,minute,time_bucket,PATTERN_OF_COLLISION_CODE,PATTERN_OF_COLLISION_LABEL,PATTERN_OF_COLLISION_UNKNOWN,TYPE_OF_COLLISION_CODE,TYPE_OF_COLLISION_LABEL,TYPE_OF_COLLISION_UNKNOWN,TYPE_OF_VEHICLE_1_CODE,TYPE_OF_VEHICLE_1_LABEL,TYPE_OF_VEHICLE_1_UNKNOWN,TYPE_OF_VEHICLE_2_CODE,TYPE_OF_VEHICLE_2_LABEL,TYPE_OF_VEHICLE_2_UNKNOWN,is_weekend,is_night,severity_target
641.0,Chadayamangalam,628/2023,8.87675960927125,76.8675796991017,39.0,2.0,2023-04-23,Sunday,April,2023,21.3,N,2.0,5,3.0,1.0,0.0,1.0,1.0,G,curve,no,yes,no,0.0,no,Night,2023.0,4,23,Sunday,16,21.0,30.0,18-24,2,Vehicle to Vehicle,False,5,Head On Collision,False,3,Car/Jeep/Taxi,False,1,Motorised Two-Wheeler,False,1,1,Grievous
642.0,Chadayamangalam,631/2023,8.82429492237048,76.882225990435,32.6,2.0,2023-04-22,Saturday,April,2023,17.45,D,3.0,8,2.0,11.0,0.0,1.0,0.0,G,curve,no,yes,yes,0.0,yes,Day,2023.0,4,22,Saturday,16,17.0,45.0,12-18,3,Vehicle to Pedestrian,False,8,Hit Pedestrian,False,2,Passenger Auto,False,11,Pedestrian,False,1,0,Grievous
643.0,Chadayamangalam,642/2023,8.89987401201052,76.8578733291554,42.2,2.0,2023-04-29,Saturday,April,2023,14.0,D,2.0,5,8.0,4.0,0.0,0.0,1.0,M,curve,no,yes,yes,1.0,yes,Day,2023.0,4,29,Saturday,17,14.0,0.0,12-18,2,Vehicle to Vehicle,False,5,Head On Collision,False,8,Truck/Lorry,False,4,Bus,False,1,0,Minor
644.0,Chadayamangalam,677/2023,8.82377989025336,76.8825415850487,32.5,2.0,2023-04-19,Wednesday,April,2023,8.45,D,2.0,2,3.0,1.0,0.0,1.0,1.0,G,curve,no,yes,yes,0.0,yes,Day,2023.0,4,19,Wednesday,16,8.0,45.0,6-12,2,Vehicle to Vehicle,False,2,Hit from Side,False,3,Car/Jeep/Taxi,False,1,Motorised Two-Wheeler,False,0,0,Grievous
645.0,Chadayamangalam,729/2023,8.87182944189272,76.8696898259527,38.3,1.0,2023-05-02,Tuesday,May,2023,8.0,D,3.0,8,3.0,11.0,0.0,1.0,0.0,G,straight,no,yes,no,1.0,no,Day,2023.0,5,2,Tuesday,18,8.0,0.0,6-12,3,Vehicle to Pedestrian,False,8,Hit Pedestrian,False,3,Car/Jeep/Taxi,False,11,Pedestrian,False,0,0,Grievous
646.0,Chadayamangalam,731/2023,8.8567853851552,76.874479113712,36.5,2.0,2023-05-09,Tuesday,May,2023,8.3,D,2.0,1,3.0,1.0,0.0,1.0,1.0,G,straight,no,yes,no,2.0,no,Day,2023.0,5,9,Tuesday,19,8.0,30.0,6-12,2,Vehicle to Vehicle,False,1,Hit from Back,False,3,Car/Jeep/Taxi,False,1,Motorised Two-Wheeler,False,0,0,Grievous
647.0,Chadayamangalam,768/2023,8.88617565845034,76.8691421268804,40.1,2.0,2023-05-21,Sunday,May,2023,14.0,D,2.0,1,2.0,1.0,0.0,1.0,1.0,G,curve,no,yes,yes,1.0,no,Day,2023.0,5,21,Sunday,20,14.0,0.0,12-18,2,Vehicle to Vehicle,False,1,Hit from Back,False,2,Passenger Auto,False,1,Motorised Two-Wheeler,False,1,0,Grievous
648.0,Chadayamangalam,887/2023,8.87461157563066,76.8693616347165,38.6,2.0,2023-06-12,Monday,June,2023,17.1,D,2.0,2,13.0,1.0,0.0,1.0,0.0,G,straight,no,yes,yes,3.0,no,Day,2023.0,6,12,Monday,24,17.0,10.0,12-18,2,Vehicle to Vehicle,False,2,Hit from Side,False,13,Ambulance,False,1,Motorised Two-Wheeler,False,0,0,Grievous
649.0,Chadayamangalam,892/2023,8.84670245160554,76.8785072518819,35.2,2.0,2023-06-11,Sunday,June,2023,18.4,N,2.0,10,12.0,1.0,0.0,1.0,0.0,G,curve,no,yes,no,0.0,no,Night,2023.0,6,11,Sunday,23,18.0,40.0,18-24,2,Vehicle to Vehicle,False,10,Not Known,False,12,Unknown Vehicle,False,1,Motorised Two-Wheeler,False,1,1,Grievous
650.0,Chadayamangalam,966/2023,8.84944915521257,76.876476325357,35.5,2.0,2023-06-27,Tuesday,June,2023,14.1,D,2.0,1,3.0,1.0,0.0,1.0,0.0,G,curve,no,yes,no,0.0,no,Day,2023.0,6,27,Tuesday,26,14.0,10.0,12-18,2,Vehicle to Vehicle,False,1,Hit from Back,False,3,Car/Jeep/Taxi,False,1,Motorised Two-Wheeler,False,0,0,Grievous
651.0,Chadayamangalam,1017/2023,8.836509,76.88139,34.0,2.0,2023-07-08,Saturday,July,2023,11.3,D,2.0,2,12.0,1.0,0.0,1.0,0.0,G,straight,no,yes,no,0.0,no,Day,2023.0,7,8,Saturday,27,11.0,30.0,6-12,2,Vehicle to Vehicle,False,2,Hit from Side,False,12,Unknown Vehicle,False,1,Motorised Two-Wheeler,False,1,0,Grievous
652.0,Chadayamangalam,1037/2023,8.90910231420242,76.8549589779915,43.3,2.0,2023-07-10,Monday,July,2023,12.3,D,2.0,1,7.0,1.0,0.0,1.0,1.0,G,curve,no,yes,no,0.0,no,Day,2023.0,7,10,Monday,28,12.0,30.0,12-18,2,Vehicle to Vehicle,False,1,Hit from Back,False,7,Goods LCV/Goods Tempo/Mini Lorry/Mini Truck,False,1,Motorised Two-Wheeler,False,0,0,Grievous
653.0,Chadayamangalam,1049/2023,8.87318710385209,76.869376552144,38.5,1.0,2023-07-21,Friday,July,2023,10.4,D,3.0,8,1.0,11.0,1.0,0.0,0.0,F,straight,yes,yes,no,0.0,no,Day,2023.0,7,21,Friday,29,10.0,40.0,6-12,3,Vehicle to Pedestrian,False,8,Hit Pedestrian,False,1,Motorised Two-Wheeler,False,11,Pedestrian,False,0,0,Fatal
654.0,Chadayamangalam,1067/2023,8.85193767983745,76.8742929668537,35.9,2.0,2023-07-23,Sunday,July,2023,19.3,N,2.0,5,4.0,1.0,1.0,0.0,0.0,F,straight,no,yes,yes,0.0,no,Night,2023.0,7,23,Sunday,29,19.0,30.0,18-24,2,Vehicle to Vehicle,False,5,Head On Collision,False,4,Bus,False,1,Motorised Two-Wheeler,False,1,1,Fatal
655.0,Chadayamangalam,1115/2023,8.87154974466235,76.8698678023788,38.3,2.0,2023-07-22,Saturday,July,2023,19.0,N,2.0,2,3.0,1.0,0.0,1.0,1.0,G,curve,no,yes,no,1.0,no,Night,2023.0,7,22,Saturday,29,19.0,0.0,18-24,2,Vehicle to Vehicle,False,2,Hit from Side,False,3,Car/Jeep/Taxi,False,1,Motorised Two-Wheeler,False,1,1,Grievous
656.0,Chadayamangalam,1120/2023,8.89996903208978,76.857618364952,42.2,2.0,2023-08-03,Thursday,August,2023,11.3,D,2.0,10,4.0,2.0,1.0,3.0,0.0,F,straight,no,yes,no,0.0,no,Day,2023.0,8,3,Thursday,31,11.0,30.0,6-12,2,Vehicle to Vehicle,False,10,Not Known,False,4,Bus,False,2,Passenger Auto,False,0,0,Fatal
657.0,Chadayamangalam,1125/2023,8.82213716640236,76.8828720126897,32.3,2.0,2023-08-02,Wednesday,August,2023,13.0,D,2.0,1,3.0,1.0,0.0,1.0,2.0,G,straight,no,yes,no,0.0,no,Day,2023.0,8,2,Wednesday,31,13.0,0.0,12-18,2,Vehicle to Vehicle,False,1,Hit from Back,False,3,Car/Jeep/Taxi,False,1,Motorised Two-Wheeler,False,0,0,Grievous
658.0,Chadayamangalam,1135/2023,8.8419895949834,76.8796297467903,34.6,1.0,2023-08-05,Saturday,August,2023,8.3,N,3.0,8,3.0,11.0,1.0,0.0,0.0,F,straight,no,yes,no,2.0,no,Night,2023.0,8,5,Saturday,31,8.0,30.0,6-12,3,Vehicle to Pedestrian,False,8,Hit Pedestrian,False,3,Car/Jeep/Taxi,False,11,Pedestrian,False,1,1,Fatal
659.0,Chadayamangalam,1156/2023,8.85066094518617,76.8755654504934,35.7,2.0,2023-07-08,Saturday,July,2023,7.3,D,2.0,2,1.0,1.0,0.0,1.0,1.0,G,curve,no,yes,no,1.0,no,Day,2023.0,7,8,Saturday,27,7.0,30.0,6-12,2,Vehicle to Vehicle,False,2,Hit from Side,False,1,Motorised Two-Wheeler,False,1,Motorised Two-Wheeler,False,1,0,Grievous
660.0,Chadayamangalam,1190/2023,8.836509,76.88139,34.0,2.0,2023-08-09,Wednesday,August,2023,15.3,D,2.0,1,3.0,1.0,0.0,1.0,0.0,G,curve,no,yes,no,0.0,no,Day,2023.0,8,9,Wednesday,32,15.0,30.0,12-18,2,Vehicle to Vehicle,False,1,Hit from Back,False,3,Car/Jeep/Taxi,False,1,Motorised Two-Wheeler,False,0,0,Grievous
661.0,Chadayamangalam,1245/2023,8.90686092158318,76.8542817049508,43.1,2.0,2023-08-28,Monday,August,2023,9.0,D,2.0,1,3.0,1.0,0.0,2.0,0.0,G,curve,no,yes,no,0.0,no,Day,2023.0,8,28,Monday,35,9.0,0.0,6-12,2,Vehicle to Vehicle,False,1,Hit from Back,False,3,Car/Jeep/Taxi,False,1,Motorised Two-Wheeler,False,0,0,Grievous
662.0,Chadayamangalam,1258/2023,8.84965284234443,76.8763536777527,35.6,2.0,2023-08-29,Tuesday,August,2023,19.1,N,2.0,2,1.0,1.0,0.0,1.0,1.0,G,curve,no,yes,no,0.0,no,Night,2023.0,8,29,Tuesday,35,19.0,10.0,18-24,2,Vehicle to Vehicle,False,2,Hit from Side,False,1,Motorised Two-Wheeler,False,1,Motorised Two-Wheeler,False,0,1,Grievous
663.0,Chadayamangalam,1313/2023,8.84944915521257,76.876476325357,35.5,2.0,2023-09-13,Wednesday,September,2023,18.3,N,2.0,5,3.0,1.0,0.0,1.0,0.0,G,straight,no,yes,no,0.0,no,Night,2023.0,9,13,Wednesday,37,18.0,30.0,18-24,2,Vehicle to Vehicle,False,5,Head On Collision,False,3,Car/Jeep/Taxi,False,1,Motorised Two-Wheeler,False,0,1,Grievous
664.0,Chadayamangalam,1349/2023,8.87384527009525,76.8693466048196,38.5,2.0,2023-09-07,Thursday,September,2023,17.0,D,2.0,2,1.0,1.0,0.0,1.0,0.0,G,straight,no,yes,yes,0.0,no,Day,2023.0,9,7,Thursday,36,17.0,0.0,12-18,2,Vehicle to Vehicle,False,2,Hit from Side,False,1,Motorised Two-Wheeler,False,1,Motorised Two-Wheeler,False,0,0,Grievous
665.0,Chadayamangalam,1389/2023,8.85691321443717,76.8744215615754,36.5,2.0,2023-09-26,Tuesday,September,2023,0.3,N,2.0,1,4.0,8.0,0.0,1.0,1.0,G,straight,no,yes,no,2.0,no,Night,2023.0,9,26,Tuesday,39,0.0,30.0,0-6,2,Vehicle to Vehicle,False,1,Hit from Back,False,4,Bus,False,8,Truck/Lorry,False,0,1,Grievous
666.0,Chadayamangalam,1391/2023,8.8168698492099,76.8828048105786,31.8,2.0,2023-09-29,Friday,September,2023,16.3,D,2.0,5,12.0,3.0,0.0,0.0,5.0,M,straight,no,yes,no,0.0,no,Day,2023.0,9,29,Friday,39,16.0,30.0,12-18,2,Vehicle to Vehicle,False,5,Head On Collision,False,12,Unknown Vehicle,False,3,Car/Jeep/Taxi,False,0,0,Minor
667.0,Chadayamangalam,1462/2023,8.89234303930304,76.8648753553113,41.0,2.0,2023-10-11,Wednesday,October,2023,10.15,D,2.0,2,3.0,1.0,0.0,1.0,1.0,G,straight,no,yes,no,2.0,no,Day,2023.0,10,11,Wednesday,41,10.0,15.0,6-12,2,Vehicle to Vehicle,False,2,Hit from Side,False,3,Car/Jeep/Taxi,False,1,Motorised Two-Wheeler,False,0,0,Grievous
668.0,Chadayamangalam,1467/2023,8.90009087412517,76.8574921809784,42.2,2.0,2023-09-24,Sunday,September,2023,18.0,D,2.0,2,1.0,1.0,0.0,1.0,0.0,G,curve,no,yes,yes,1.0,yes,Day,2023.0,9,24,Sunday,38,18.0,0.0,18-24,2,Vehicle to Vehicle,False,2,Hit from Side,False,1,Motorised Two-Wheeler,False,1,Motorised Two-Wheeler,False,1,0,Grievous
669.0,Chadayamangalam,1495/2023,8.87606283052409,76.8685923969918,38.8,2.0,2023-10-23,Monday,October,2023,11.0,D,2.0,1,2.0,1.0,0.0,1.0,0.0,G,curve,no,yes,no,0.0,no,Day,2023.0,10,23,Monday,43,11.0,0.0,6-12,2,Vehicle to Vehicle,False,1,Hit from Back,False,2,Passenger Auto,False,1,Motorised Two-Wheeler,False,0,0,Grievous
670.0,Chadayamangalam,1539/2023,8.87315985583294,76.8693809840394,38.5,1.0,2023-10-12,Thursday,October,2023,21.3,N,3.0,8,1.0,11.0,0.0,1.0,0.0,G,straight,no,yes,yes,0.0,no,Night,2023.0,10,12,Thursday,41,21.0,30.0,18-24,3,Vehicle to Pedestrian,False,8,Hit Pedestrian,False,1,Motorised Two-Wheeler,False,11,Pedestrian,False,0,1,Grievous
671.0,Chadayamangalam,1570/2023,8.88173623655449,76.8682141149609,39.6,2.0,2023-11-11,Saturday,November,2023,4.0,N,6.0,10,8.0,6.0,0.0,1.0,1.0,G,straight,no,yes,no,0.0,no,Night,2023.0,11,11,Saturday,45,4.0,0.0,0-6,6,Hit Standing/Parked Vehicle,False,10,Not Known,False,8,Truck/Lorry,False,6,Goods Auto/Goods Pick-up Van,False,1,1,Grievous
672.0,Chadayamangalam,1579/2023,8.82213716640236,76.8828720126897,32.3,1.0,2023-11-07,Tuesday,November,2023,6.0,D,3.0,8,6.0,11.0,0.0,1.0,0.0,G,straight,no,yes,no,0.0,no,Day,2023.0,11,7,Tuesday,45,6.0,0.0,6-12,3,Vehicle to Pedestrian,False,8,Hit Pedestrian,False,6,Goods Auto/Goods Pick-up Van,False,11,Pedestrian,False,0,0,Grievous
673.0,Chadayamangalam,1611/2023,8.90613525180061,76.8546945951295,43.0,1.0,2023-11-17,Friday,November,2023,18.0,D,3.0,8,1.0,11.0,0.0,1.0,0.0,G,curve,no,yes,no,0.0,no,Day,2023.0,11,17,Friday,46,18.0,0.0,18-24,3,Vehicle to Pedestrian,False,8,Hit Pedestrian,False,1,Motorised Two-Wheeler,False,11,Pedestrian,False,0,0,Grievous
674.0,Chadayamangalam,1635/2023,8.88021109430487,76.8672097187613,39.4,2.0,2023-11-21,Tuesday,November,2023,12.0,D,2.0,2,1.0,1.0,0.0,1.0,0.0,G,straight,no,yes,no,1.0,no,Day,2023.0,11,21,Tuesday,47,12.0,0.0,12-18,2,Vehicle to Vehicle,False,2,Hit from Side,False,1,Motorised Two-Wheeler,False,1,Motorised Two-Wheeler,False,0,0,Grievous
675.0,Chadayamangalam,1645/2023,8.84992144670249,76.876169702365,35.6,3.0,2023-11-27,Monday,November,2023,16.3,D,2.0,5,3.0,3.0,0.0,3.0,0.0,G,curve,no,yes,no,0.0,no,Day,2023.0,11,27,Monday,48,16.0,30.0,12-18,2,Vehicle to Vehicle,False,5,Head On Collision,False,3,Car/Jeep/Taxi,False,3,Car/Jeep/Taxi,False,0,0,Grievous
676.0,Chadayamangalam,1647/2023,8.8916211,76.8658042,40.9,2.0,2023-09-09,Saturday,September,2023,17.3,D,2.0,1,4.0,1.0,0.0,1.0,0.0,G,straight,no,yes,no,0.0,no,Day,2023.0,9,9,Saturday,36,17.0,30.0,12-18,2,Vehicle to Vehicle,False,1,Hit from Back,False,4,Bus,False,1,Motorised Two-Wheeler,False,1,0,Grievous
677.0,Chadayamangalam,1654/2023,8.8569204,76.8744459,36.5,2.0,2023-12-01,Friday,December,2023,18.3,N,2.0,5,3.0,1.0,0.0,1.0,0.0,G,straight,no,yes,no,2.0,no,Night,2023.0,12,1,Friday,48,18.0,30.0,18-24,2,Vehicle to Vehicle,False,5,Head On Collision,False,3,Car/Jeep/Taxi,False,1,Motorised Two-Wheeler,False,0,1,Grievous
678.0,Chadayamangalam,1735/2023,8.836509,76.88139,34.0,2.0,2023-12-15,Friday,December,2023,10.45,D,2.0,2,1.0,1.0,0.0,1.0,0.0,G,curve,no,yes,no,0.0,no,Day,2023.0,12,15,Friday,50,10.0,45.0,6-12,2,Vehicle to Vehicle,False,2,Hit from Side,False,1,Motorised Two-Wheeler,False,1,Motorised Two-Wheeler,False,0,0,Grievous
679.0,Kottarakkara,39/2021,8.9757,76.817632,53.1,2.0,2021-01-07,Thursday,January,2021,15.0,D,2.0,2,4.0,3.0,2.0,1.0,0.0,F,curve,no,yes,yes,0.0,no,Day,2021.0,1,7,Thursday,1,15.0,0.0,12-18,2,Vehicle to Vehicle,False,2,Hit from Side,False,4,Bus,False,3,Car/Jeep/Taxi,False,0,0,Fatal
680.0,Kottarakkara,503/2021,8.992702,76.79387,56.6,2.0,2021-02-23,Tuesday,February,2021,8.15,D,2.0,1,3.0,1.0,0.0,1.0,2.0,G,straight,no,yes,no,2.0,no,Day,2021.0,2,23,Tuesday,8,8.0,15.0,6-12,2,Vehicle to Vehicle,False,1,Hit from Back,False,3,Car/Jeep/Taxi,False,1,Motorised Two-Wheeler,False,0,0,Grievous
681.0,Kottarakkara,90/2021,9.005098,76.783324,59.0,2.0,2021-01-15,Friday,January,2021,17.3,D,2.0,1,8.0,1.0,1.0,0.0,0.0,F,curve,no,yes,yes,0.0,yes,Day,2021.0,1,15,Friday,2,17.0,30.0,12-18,2,Vehicle to Vehicle,False,1,Hit from Back,False,8,Truck/Lorry,False,1,Motorised Two-Wheeler,False,0,0,Fatal
682.0,Kottarakkara,114/2021,8.930714,76.853484,45.9,2.0,2021-01-15,Friday,January,2021,9.0,D,2.0,5,3.0,1.0,0.0,0.0,2.0,M,curve,no,yes,yes,1.0,no,Day,2021.0,1,15,Friday,2,9.0,0.0,6-12,2,Vehicle to Vehicle,False,5,Head On Collision,False,3,Car/Jeep/Taxi,False,1,Motorised Two-Wheeler,False,0,0,Minor
683.0,Kottarakkara,546/2021,9.050475,76.771439,64.7,2.0,2021-03-27,Saturday,March,2021,13.15,D,2.0,2,1.0,1.0,0.0,1.0,0.0,G,straight,no,yes,no,2.0,no,Day,2021.0,3,27,Saturday,12,13.0,15.0,12-18,2,Vehicle to Vehicle,False,2,Hit from Side,False,1,Motorised Two-Wheeler,False,1,Motorised Two-Wheeler,False,1,0,Grievous
684.0,Kottarakkara,135/2021,8.979217,76.812094,53.9,2.0,2021-01-05,Tuesday,January,2021,18.15,N,2.0,2,3.0,1.0,0.0,1.0,0.0,G,straight,no,yes,yes,1.0,no,Night,2021.0,1,5,Tuesday,1,18.0,15.0,18-24,2,Vehicle to Vehicle,False,2,Hit from Side,False,3,Car/Jeep/Taxi,False,1,Motorised Two-Wheeler,False,0,1,Grievous
685.0,Kottarakkara,140/2021,8.96289,76.836678,50.1,2.0,2021-01-17,Sunday,January,2021,10.0,D,2.0,5,1.0,1.0,0.0,1.0,1.0,G,curve,no,yes,no,0.0,no,Day,2021.0,1,17,Sunday,2,10.0,0.0,6-12,2,Vehicle to Vehicle,False,5,Head On Collision,False,1,Motorised Two-Wheeler,False,1,Motorised Two-Wheeler,False,1,0,Grievous
686.0,Kottarakkara,148/2021,8.969006,76.829572,51.3,2.0,2021-01-24,Sunday,January,2021,15.3,D,2.0,5,3.0,1.0,1.0,0.0,0.0,F,curve,no,yes,no,0.0,no,Day,2021.0,1,24,Sunday,3,15.0,30.0,12-18,2,Vehicle to Vehicle,False,5,Head On Collision,False,3,Car/Jeep/Taxi,False,1,Motorised Two-Wheeler,False,1,0,Fatal
687.0,Kottarakkara,576/2021,8.950088,76.845508,48.3,1.0,2021-03-28,Sunday,March,2021,3.0,N,1.0,5,3.0,14.0,0.0,1.0,0.0,G,straight,no,yes,no,2.0,no,Night,2021.0,3,28,Sunday,12,3.0,0.0,0-6,1,Single Vehicle,False,5,Head On Collision,False,3,Car/Jeep/Taxi,False,14,Others (Specify),False,1,1,Grievous
688.0,Kottarakkara,184/2021,8.953618,76.843018,48.8,2.0,2021-01-15,Friday,January,2021,17.3,D,2.0,1,1.0,1.0,0.0,1.0,1.0,G,straight,no,yes,no,1.0,no,Day,2021.0,1,15,Friday,2,17.0,30.0,12-18,2,Vehicle to Vehicle,False,1,Hit from Back,False,1,Motorised Two-Wheeler,False,1,Motorised Two-Wheeler,False,0,0,Grievous
689.0,Kottarakkara,193/2021,8.992276,76.796403,56.3,2.0,2021-01-13,Wednesday,January,2021,18.3,N,2.0,5,3.0,1.0,0.0,1.0,1.0,G,straight,no,yes,no,0.0,no,Night,2021.0,1,13,Wednesday,2,18.0,30.0,18-24,2,Vehicle to Vehicle,False,5,Head On Collision,False,3,Car/Jeep/Taxi,False,1,Motorised Two-Wheeler,False,0,1,Grievous
690.0,Kottarakkara,606/2021,8.938419,76.849965,46.9,2.0,2021-04-13,Tuesday,April,2021,21.0,N,2.0,5,3.0,1.0,1.0,1.0,0.0,F,straight,no,yes,yes,0.0,yes,Night,2021.0,4,13,Tuesday,15,21.0,0.0,18-24,2,Vehicle to Vehicle,False,5,Head On Collision,False,3,Car/Jeep/Taxi,False,1,Motorised Two-Wheeler,False,0,1,Fatal
691.0,Kottarakkara,613/2021,8.969006,76.829572,51.3,1.0,2021-04-15,Thursday,April,2021,15.0,D,3.0,8,3.0,11.0,0.0,1.0,0.0,G,curve,no,yes,no,0.0,no,Day,2021.0,4,15,Thursday,15,15.0,0.0,12-18,3,Vehicle to Pedestrian,False,8,Hit Pedestrian,False,3,Car/Jeep/Taxi,False,11,Pedestrian,False,0,0,Grievous
692.0,Kottarakkara,207/2021,9.020992,76.784779,60.8,1.0,2021-02-02,Tuesday,February,2021,22.45,N,3.0,8,3.0,11.0,0.0,1.0,1.0,G,straight,no,yes,no,1.0,no,Night,2021.0,2,2,Tuesday,5,22.0,45.0,18-24,3,Vehicle to Pedestrian,False,8,Hit Pedestrian,False,3,Car/Jeep/Taxi,False,11,Pedestrian,False,0,1,Grievous
693.0,Kottarakkara,622/2021,8.978891,76.813257,53.8,2.0,2021-04-07,Wednesday,April,2021,12.15,D,2.0,1,2.0,2.0,0.0,1.0,0.0,G,straight,no,yes,yes,0.0,no,Day,2021.0,4,7,Wednesday,14,12.0,15.0,12-18,2,Vehicle to Vehicle,False,1,Hit from Back,False,2,Passenger Auto,False,2,Passenger Auto,False,0,0,Grievous
694.0,Kottarakkara,625/2021,8.991591,76.798317,56.1,2.0,2021-02-10,Wednesday,February,2021,7.45,D,2.0,1,1.0,1.0,0.0,1.0,0.0,G,curve,no,yes,no,2.0,no,Day,2021.0,2,10,Wednesday,6,7.0,45.0,6-12,2,Vehicle to Vehicle,False,1,Hit from Back,False,1,Motorised Two-Wheeler,False,1,Motorised Two-Wheeler,False,0,0,Grievous
695.0,Kottarakkara,250/2021,8.963136,76.835783,50.3,2.0,2021-01-04,Monday,January,2021,20.0,N,2.0,5,3.0,1.0,0.0,1.0,1.0,G,curve,no,yes,no,0.0,no,Night,2021.0,1,4,Monday,1,20.0,0.0,18-24,2,Vehicle to Vehicle,False,5,Head On Collision,False,3,Car/Jeep/Taxi,False,1,Motorised Two-Wheeler,False,0,1,Grievous
696.0,Kottarakkara,275/2021,8.975736,76.81747,53.1,1.0,2021-01-21,Thursday,January,2021,5.5,N,3.0,8,1.0,11.0,0.0,1.0,0.0,G,curve,no,yes,yes,0.0,no,Night,2021.0,1,21,Thursday,3,5.0,50.0,0-6,3,Vehicle to Pedestrian,False,8,Hit Pedestrian,False,1,Motorised Two-Wheeler,False,11,Pedestrian,False,0,1,Grievous
697.0,Kottarakkara,281/2021,9.032383,76.779992,62.3,2.0,2021-01-29,Friday,January,2021,20.3,N,2.0,7,1.0,3.0,0.0,1.0,0.0,G,straight,no,yes,no,0.0,no,Night,2021.0,1,29,Friday,4,20.0,30.0,18-24,2,Vehicle to Vehicle,False,7,Side Swipe,False,1,Motorised Two-Wheeler,False,3,Car/Jeep/Taxi,False,0,1,Grievous
698.0,Kottarakkara,287/2021,9.04364,76.773515,63.9,2.0,2021-02-15,Monday,February,2021,16.15,D,2.0,5,3.0,3.0,0.0,0.0,2.0,M,straight,no,yes,yes,0.0,yes,Day,2021.0,2,15,Monday,7,16.0,15.0,12-18,2,Vehicle to Vehicle,False,5,Head On Collision,False,3,Car/Jeep/Taxi,False,3,Car/Jeep/Taxi,False,0,0,Minor
699.0,Kottarakkara,290/2021,9.032625,76.778375,62.5,2.0,2021-01-29,Friday,January,2021,10.15,D,2.0,1,1.0,1.0,0.0,1.0,1.0,G,curve,no,yes,no,0.0,no,Day,2021.0,1,29,Friday,4,10.0,15.0,6-12,2,Vehicle to Vehicle,False,1,Hit from Back,False,1,Motorised Two-Wheeler,False,1,Motorised Two-Wheeler,False,0,0,Grievous
700.0,Kottarakkara,297/2021,9.02506,76.784661,61.3,2.0,2021-02-12,Friday,February,2021,15.15,D,2.0,1,2.0,1.0,0.0,1.0,0.0,G,straight,no,yes,no,1.0,no,Day,2021.0,2,12,Friday,6,15.0,15.0,12-18,2,Vehicle to Vehicle,False,1,Hit from Back,False,2,Passenger Auto,False,1,Motorised Two-Wheeler,False,0,0,Grievous
701.0,Kottarakkara,308/2021,9.061842,76.762956,66.4,2.0,2021-02-03,Wednesday,February,2021,20.4,N,2.0,5,2.0,1.0,0.0,0.0,1.0,M,curve,no,yes,no,0.0,no,Night,2021.0,2,3,Wednesday,5,20.0,40.0,18-24,2,Vehicle to Vehicle,False,5,Head On Collision,False,2,Passenger Auto,False,1,Motorised Two-Wheeler,False,0,1,Minor
702.0,Kottarakkara,335/2021,8.942277,76.848811,47.3,1.0,2021-02-10,Wednesday,February,2021,14.0,D,1.0,3,3.0,14.0,0.0,1.0,0.0,G,straight,no,yes,no,1.0,no,Day,2021.0,2,10,Wednesday,6,14.0,0.0,12-18,1,Single Vehicle,False,3,Run Off Road,False,3,Car/Jeep/Taxi,False,14,Others (Specify),False,0,0,Grievous
703.0,Kottarakkara,338/2021,8.972831,76.825521,52.2,2.0,2021-02-18,Thursday,February,2021,16.0,D,2.0,5,3.0,1.0,0.0,1.0,0.0,G,straight,no,yes,no,1.0,no,Day,2021.0,2,18,Thursday,7,16.0,0.0,12-18,2,Vehicle to Vehicle,False,5,Head On Collision,False,3,Car/Jeep/Taxi,False,1,Motorised Two-Wheeler,False,0,0,Grievous