Sl No,NO OF ACCIDENT REPORTED ON THIS CORRIDOR UNDER JURISDICTION,FIR NO,Latitude,Longitude,Distance,NO. OF VEHICLE,Date,DAY OF THE WEEK,Month of the year,Year of Accident,Time,D/N,PATTERN OF COLLISION,TYPE OF COLLISION,TYPE OF VEHICLE-1,TYPE OF VEHICLE-2,FATAL,GRIEVOUS,MINOR,SEVERITY,GEOMETRY,PRESENCE OF MEDIAN,PRESENCE OF SHOULDER,PRESENCE OF FOOTPATH,SIDE ROAD,JN/NOT,day_night_label,year,month_num,day,day_of_week,week_of_year,hour,minute,time_bucket,PATTERN_OF_COLLISION_CODE,PATTERN_OF_COLLISION_LABEL,PATTERN_OF_COLLISION_UNKNOWN,TYPE_OF_COLLISION_CODE,TYPE_OF_COLLISION_LABEL,TYPE_OF_COLLISION_UNKNOWN,TYPE_OF_VEHICLE_1_CODE,TYPE_OF_VEHICLE_1_LABEL,TYPE_OF_VEHICLE_1_UNKNOWN,TYPE_OF_VEHICLE_2_CODE,TYPE_OF_VEHICLE_2_LABEL,TYPE_OF_VEHICLE_2_UNKNOWN,is_weekend,is_night,severity_target
704.0,Kottarakkara,352/2021,8.994448,76.791036,57.0,2.0,2021-02-05,Friday,February,2021,11.3,D,2.0,2,3.0,1.0,0.0,1.0,0.0,G,curve,no,yes,no,0.0,no,Day,2021.0,2,5,Friday,5,11.0,30.0,6-12,2,Vehicle to Vehicle,False,2,Hit from Side,False,3,Car/Jeep/Taxi,False,1,Motorised Two-Wheeler,False,0,0,Grievous
705.0,Kottarakkara,954/2021,9.044837,76.773772,64.0,1.0,2021-05-26,Wednesday,May,2021,1.0,N,1.0,4,3.0,0.0,1.0,0.0,0.0,F,straight,no,yes,no,1.0,no,Night,2021.0,5,26,Wednesday,21,1.0,0.0,0-6,1,Single Vehicle,False,4,Vehicle Overturn/Skidding,False,3,Car/Jeep/Taxi,False,0,Unknown/Out-of-master,True,0,1,Fatal
706.0,Kottarakkara,363/2021,8.992022,76.797149,56.3,2.0,2021-02-20,Saturday,February,2021,21.3,N,2.0,5,2.0,3.0,0.0,0.0,1.0,M,straight,no,yes,no,0.0,no,Night,2021.0,2,20,Saturday,7,21.0,30.0,18-24,2,Vehicle to Vehicle,False,5,Head On Collision,False,2,Passenger Auto,False,3,Car/Jeep/Taxi,False,1,1,Minor
707.0,Kottarakkara,365/2021,9.024569,76.784791,61.2,2.0,2021-02-25,Thursday,February,2021,15.0,D,2.0,2,3.0,1.0,0.0,0.0,1.0,M,curve,no,yes,no,1.0,no,Day,2021.0,2,25,Thursday,8,15.0,0.0,12-18,2,Vehicle to Vehicle,False,2,Hit from Side,False,3,Car/Jeep/Taxi,False,1,Motorised Two-Wheeler,False,0,0,Minor
708.0,Kottarakkara,1000/2021,9.007515,76.783536,59.2,1.0,2021-05-24,Monday,May,2021,11.0,D,3.0,8,3.0,11.0,0.0,1.0,0.0,G,straight,no,yes,yes,1.0,no,Day,2021.0,5,24,Monday,21,11.0,0.0,6-12,3,Vehicle to Pedestrian,False,8,Hit Pedestrian,False,3,Car/Jeep/Taxi,False,11,Pedestrian,False,0,0,Grievous
709.0,Kottarakkara,379/2021,9.006238,76.783229,59.1,2.0,2021-02-14,Sunday,February,2021,19.0,N,2.0,5,1.0,1.0,0.0,0.0,1.0,M,straight,no,yes,yes,1.0,no,Night,2021.0,2,14,Sunday,6,19.0,0.0,18-24,2,Vehicle to Vehicle,False,5,Head On Collision,False,1,Motorised Two-Wheeler,False,1,Motorised Two-Wheeler,False,1,1,Minor
710.0,Kottarakkara,388/2021,8.933022,76.85227,46.2,2.0,2021-03-05,Friday,March,2021,20.1,N,2.0,5,4.0,1.0,1.0,0.0,0.0,F,straight,no,yes,no,3.0,no,Night,2021.0,3,5,Friday,9,20.0,10.0,18-24,2,Vehicle to Vehicle,False,5,Head On Collision,False,4,Bus,False,1,Motorised Two-Wheeler,False,0,1,Fatal
711.0,Kottarakkara,401/2021,9.04839,76.773628,64.4,1.0,2021-02-28,Sunday,February,2021,3.0,N,1.0,3,3.0,14.0,0.0,1.0,0.0,G,straight,no,yes,no,0.0,no,Night,2021.0,2,28,Sunday,8,3.0,0.0,0-6,1,Single Vehicle,False,3,Run Off Road,False,3,Car/Jeep/Taxi,False,14,Others (Specify),False,1,1,Grievous
712.0,Kottarakkara,1564/2021,9.028324,76.78393,61.6,2.0,2021-07-21,Wednesday,July,2021,18.1,N,2.0,1,3.0,1.0,0.0,1.0,1.0,G,straight,no,yes,yes,1.0,no,Night,2021.0,7,21,Wednesday,29,18.0,10.0,18-24,2,Vehicle to Vehicle,False,1,Hit from Back,False,3,Car/Jeep/Taxi,False,1,Motorised Two-Wheeler,False,0,1,Grievous
713.0,Kottarakkara,1571/2021,8.972741,76.824053,52.3,2.0,2021-08-02,Monday,August,2021,16.0,D,2.0,1,2.0,2.0,0.0,0.0,1.0,M,curve,no,yes,no,1.0,no,Day,2021.0,8,2,Monday,31,16.0,0.0,12-18,2,Vehicle to Vehicle,False,1,Hit from Back,False,2,Passenger Auto,False,2,Passenger Auto,False,0,0,Minor
714.0,Kottarakkara,1103/2021,8.938484,76.849957,46.9,2.0,2021-06-16,Wednesday,June,2021,20.3,N,2.0,5,3.0,1.0,1.0,0.0,0.0,F,straight,no,yes,yes,0.0,yes,Night,2021.0,6,16,Wednesday,24,20.0,30.0,18-24,2,Vehicle to Vehicle,False,5,Head On Collision,False,3,Car/Jeep/Taxi,False,1,Motorised Two-Wheeler,False,0,1,Fatal
715.0,Kottarakkara,1897/2021,9.005488,76.783176,59.0,2.0,2021-08-28,Saturday,August,2021,21.3,N,2.0,5,3.0,1.0,0.0,1.0,0.0,G,curve,no,yes,yes,0.0,yes,Night,2021.0,8,28,Saturday,34,21.0,30.0,18-24,2,Vehicle to Vehicle,False,5,Head On Collision,False,3,Car/Jeep/Taxi,False,1,Motorised Two-Wheeler,False,1,1,Grievous
716.0,Kottarakkara,1212/2021,9.032455,76.779553,62.3,2.0,2021-07-05,Monday,July,2021,16.3,D,2.0,5,3.0,1.0,0.0,0.0,1.0,M,straight,no,yes,no,0.0,no,Day,2021.0,7,5,Monday,27,16.0,30.0,12-18,2,Vehicle to Vehicle,False,5,Head On Collision,False,3,Car/Jeep/Taxi,False,1,Motorised Two-Wheeler,False,0,0,Minor
717.0,Kottarakkara,1236/2021,8.981363,76.809965,54.3,2.0,2021-07-08,Thursday,July,2021,12.3,D,2.0,5,3.0,1.0,0.0,0.0,1.0,M,curve,no,yes,no,0.0,yes,Day,2021.0,7,8,Thursday,27,12.0,30.0,12-18,2,Vehicle to Vehicle,False,5,Head On Collision,False,3,Car/Jeep/Taxi,False,1,Motorised Two-Wheeler,False,0,0,Minor
718.0,Kottarakkara,1954/2021,8.937981,76.849962,46.8,2.0,2021-01-22,Friday,January,2021,21.0,N,2.0,1,8.0,1.0,0.0,2.0,0.0,G,straight,no,yes,yes,0.0,no,Night,2021.0,1,22,Friday,3,21.0,0.0,18-24,2,Vehicle to Vehicle,False,1,Hit from Back,False,8,Truck/Lorry,False,1,Motorised Two-Wheeler,False,0,1,Grievous
719.0,Kottarakkara,1261/2021,8.997089,76.783213,58.0,1.0,2021-03-21,Sunday,March,2021,10.3,D,3.0,8,3.0,11.0,0.0,0.0,1.0,M,curve,no,yes,no,2.0,no,Day,2021.0,3,21,Sunday,11,10.0,30.0,6-12,3,Vehicle to Pedestrian,False,8,Hit Pedestrian,False,3,Car/Jeep/Taxi,False,11,Pedestrian,False,1,0,Minor
720.0,Kottarakkara,1278/2021,8.938623,76.84996,46.9,1.0,2021-07-09,Friday,July,2021,17.3,D,3.0,8,1.0,11.0,0.0,1.0,0.0,G,straight,no,yes,yes,0.0,yes,Day,2021.0,7,9,Friday,27,17.0,30.0,12-18,3,Vehicle to Pedestrian,False,8,Hit Pedestrian,False,1,Motorised Two-Wheeler,False,11,Pedestrian,False,0,0,Grievous
721.0,Kottarakkara,2137/2021,8.979184,76.81207,53.9,1.0,2021-09-08,Wednesday,September,2021,16.0,D,3.0,8,3.0,11.0,0.0,1.0,0.0,G,straight,no,yes,yes,1.0,no,Day,2021.0,9,8,Wednesday,36,16.0,0.0,12-18,3,Vehicle to Pedestrian,False,8,Hit Pedestrian,False,3,Car/Jeep/Taxi,False,11,Pedestrian,False,0,0,Grievous
722.0,Kottarakkara,1459/2021,8.921081,76.854325,44.8,2.0,2021-07-17,Saturday,July,2021,20.3,D,2.0,3,1.0,1.0,0.0,1.0,1.0,G,straight,no,yes,no,0.0,no,Day,2021.0,7,17,Saturday,28,20.0,30.0,18-24,2,Vehicle to Vehicle,False,3,Run Off Road,False,1,Motorised Two-Wheeler,False,1,Motorised Two-Wheeler,False,1,1,Grievous
723.0,Kottarakkara,2141/2021,9.00582,76.783192,59.1,2.0,2021-09-18,Saturday,September,2021,13.3,D,2.0,3,3.0,3.0,0.0,0.0,3.0,M,straight,no,yes,yes,1.0,no,Day,2021.0,9,18,Saturday,37,13.0,30.0,12-18,2,Vehicle to Vehicle,False,3,Run Off Road,False,3,Car/Jeep/Taxi,False,3,Car/Jeep/Taxi,False,1,0,Minor
724.0,Kottarakkara,2677/2021,8.954472,76.842853,48.9,2.0,2021-10-06,Wednesday,October,2021,19.0,N,2.0,1,3.0,1.0,0.0,1.0,3.0,G,straight,no,yes,yes,2.0,no,Night,2021.0,10,6,Wednesday,40,19.0,0.0,18-24,2,Vehicle to Vehicle,False,1,Hit from Back,False,3,Car/Jeep/Taxi,False,1,Motorised Two-Wheeler,False,0,1,Grievous
725.0,Kottarakkara,2684/2021,8.979309,76.811426,54.0,1.0,2021-11-03,Wednesday,November,2021,5.5,N,3.0,8,1.0,11.0,0.0,0.0,3.0,M,curve,no,yes,no,0.0,yes,Night,2021.0,11,3,Wednesday,44,5.0,50.0,0-6,3,Vehicle to Pedestrian,False,8,Hit Pedestrian,False,1,Motorised Two-Wheeler,False,11,Pedestrian,False,0,1,Minor
726.0,Kottarakkara,2696/2021,8.973114,76.828477,51.8,2.0,2021-11-28,Sunday,November,2021,18.15,N,2.0,5,3.0,1.0,1.0,0.0,3.0,F,curve,no,yes,no,0.0,no,Night,2021.0,11,28,Sunday,47,18.0,15.0,18-24,2,Vehicle to Vehicle,False,5,Head On Collision,False,3,Car/Jeep/Taxi,False,1,Motorised Two-Wheeler,False,1,1,Fatal
727.0,Kottarakkara,2188/2021,9.021005,76.784784,60.8,2.0,2021-09-18,Saturday,September,2021,10.3,D,2.0,2,1.0,1.0,0.0,1.0,3.0,G,straight,no,yes,no,1.0,no,Day,2021.0,9,18,Saturday,37,10.0,30.0,6-12,2,Vehicle to Vehicle,False,2,Hit from Side,False,1,Motorised Two-Wheeler,False,1,Motorised Two-Wheeler,False,1,0,Grievous
728.0,Kottarakkara,2195/2021,9.006465,76.783221,59.1,2.0,2021-09-23,Thursday,September,2021,9.0,D,2.0,1,3.0,1.0,0.0,0.0,3.0,M,straight,no,yes,yes,1.0,no,Day,2021.0,9,23,Thursday,38,9.0,0.0,6-12,2,Vehicle to Vehicle,False,1,Hit from Back,False,3,Car/Jeep/Taxi,False,1,Motorised Two-Wheeler,False,0,0,Minor
729.0,Kottarakkara,2756/2021,8.969006,76.829572,51.3,2.0,2021-12-04,Saturday,December,2021,20.0,N,2.0,1,5.0,1.0,0.0,1.0,3.0,G,curve,no,yes,no,0.0,no,Night,2021.0,12,4,Saturday,48,20.0,0.0,18-24,2,Vehicle to Vehicle,False,1,Hit from Back,False,5,Mini Bus/Passenger Tempo/Passenger Van,False,1,Motorised Two-Wheeler,False,1,1,Grievous
730.0,Kottarakkara,2767/2021,9.064586,76.757671,67.0,2.0,2021-12-04,Saturday,December,2021,21.3,N,2.0,2,1.0,1.0,0.0,1.0,3.0,G,curve,no,yes,yes,2.0,no,Night,2021.0,12,4,Saturday,48,21.0,30.0,18-24,2,Vehicle to Vehicle,False,2,Hit from Side,False,1,Motorised Two-Wheeler,False,1,Motorised Two-Wheeler,False,1,1,Grievous
731.0,Kottarakkara,2784/2021,9.02222,76.784733,60.9,2.0,2021-12-03,Friday,December,2021,10.3,D,2.0,1,3.0,1.0,1.0,0.0,3.0,F,straight,no,yes,no,0.0,no,Day,2021.0,12,3,Friday,48,10.0,30.0,6-12,2,Vehicle to Vehicle,False,1,Hit from Back,False,3,Car/Jeep/Taxi,False,1,Motorised Two-Wheeler,False,0,0,Fatal
732.0,Kottarakkara,2803/2021,8.973355,76.828218,51.9,2.0,2021-12-10,Friday,December,2021,16.3,D,2.0,5,3.0,1.0,0.0,1.0,3.0,G,curve,no,yes,no,1.0,no,Day,2021.0,12,10,Friday,49,16.0,30.0,12-18,2,Vehicle to Vehicle,False,5,Head On Collision,False,3,Car/Jeep/Taxi,False,1,Motorised Two-Wheeler,False,0,0,Grievous
733.0,Kottarakkara,2811/2021,9.012266,76.784481,59.8,2.0,2021-12-09,Thursday,December,2021,19.0,N,2.0,2,3.0,1.0,0.0,1.0,3.0,G,straight,no,yes,no,2.0,no,Night,2021.0,12,9,Thursday,49,19.0,0.0,18-24,2,Vehicle to Vehicle,False,2,Hit from Side,False,3,Car/Jeep/Taxi,False,1,Motorised Two-Wheeler,False,0,1,Grievous
734.0,Kottarakkara,2838/2021,8.981457,76.809909,54.3,2.0,2021-12-14,Tuesday,December,2021,14.15,D,2.0,2,1.0,3.0,0.0,0.0,3.0,M,curve,no,yes,no,0.0,yes,Day,2021.0,12,14,Tuesday,50,14.0,15.0,12-18,2,Vehicle to Vehicle,False,2,Hit from Side,False,1,Motorised Two-Wheeler,False,3,Car/Jeep/Taxi,False,0,0,Minor
735.0,Kottarakkara,2850/2021,9.05479,76.769519,65.2,2.0,2021-12-08,Wednesday,December,2021,17.0,D,2.0,1,3.0,1.0,0.0,0.0,3.0,M,straight,no,yes,yes,1.0,no,Day,2021.0,12,8,Wednesday,49,17.0,0.0,12-18,2,Vehicle to Vehicle,False,1,Hit from Back,False,3,Car/Jeep/Taxi,False,1,Motorised Two-Wheeler,False,0,0,Minor
736.0,Kottarakkara,2536/2021,9.038875,76.775577,63.3,2.0,2021-10-24,Sunday,October,2021,16.0,D,2.0,1,1.0,1.0,0.0,0.0,3.0,M,straight,no,yes,no,1.0,no,Day,2021.0,10,24,Sunday,42,16.0,0.0,12-18,2,Vehicle to Vehicle,False,1,Hit from Back,False,1,Motorised Two-Wheeler,False,1,Motorised Two-Wheeler,False,1,0,Minor
737.0,Kottarakkara,2555/2021,9.038187,76.775522,63.2,2.0,2021-11-08,Monday,November,2021,13.3,D,2.0,1,8.0,1.0,0.0,1.0,3.0,G,curve,no,yes,no,1.0,no,Day,2021.0,11,8,Monday,45,13.0,30.0,12-18,2,Vehicle to Vehicle,False,1,Hit from Back,False,8,Truck/Lorry,False,1,Motorised Two-Wheeler,False,0,0,Grievous
738.0,Kottarakkara,2568/2021,8.919386,76.85523,44.6,2.0,2021-11-04,Thursday,November,2021,19.15,N,2.0,5,1.0,1.0,0.0,0.0,3.0,M,curve,no,yes,yes,0.0,yes,Night,2021.0,11,4,Thursday,44,19.0,15.0,18-24,2,Vehicle to Vehicle,False,5,Head On Collision,False,1,Motorised Two-Wheeler,False,1,Motorised Two-Wheeler,False,0,1,Minor
739.0,Kottarakkara,2600/2021,9.020992,76.784779,60.8,1.0,2021-11-08,Monday,November,2021,13.3,D,3.0,8,8.0,11.0,0.0,0.0,1.0,M,straight,no,yes,no,1.0,no,Day,2021.0,11,8,Monday,45,13.0,30.0,12-18,3,Vehicle to Pedestrian,False,8,Hit Pedestrian,False,8,Truck/Lorry,False,11,Pedestrian,False,0,0,Minor
740.0,Kottarakkara,2602/2021,8.991587,76.798355,56.1,2.0,2021-11-11,Thursday,November,2021,18.45,N,2.0,1,1.0,3.0,0.0,0.0,1.0,M,curve,no,yes,no,2.0,no,Night,2021.0,11,11,Thursday,45,18.0,45.0,18-24,2,Vehicle to Vehicle,False,1,Hit from Back,False,1,Motorised Two-Wheeler,False,3,Car/Jeep/Taxi,False,0,1,Minor
741.0,Kottarakkara,2604/2021,8.991587,76.798355,56.1,2.0,2021-11-02,Tuesday,November,2021,16.45,D,2.0,5,3.0,1.0,0.0,1.0,0.0,G,curve,no,yes,no,2.0,no,Day,2021.0,11,2,Tuesday,44,16.0,45.0,12-18,2,Vehicle to Vehicle,False,5,Head On Collision,False,3,Car/Jeep/Taxi,False,1,Motorised Two-Wheeler,False,0,0,Grievous
742.0,Kottarakkara,2615/2021,9.017692,76.784247,60.4,2.0,2021-11-06,Saturday,November,2021,23.45,N,2.0,5,3.0,1.0,0.0,0.0,1.0,M,curve,no,yes,no,0.0,no,Night,2021.0,11,6,Saturday,44,23.0,45.0,18-24,2,Vehicle to Vehicle,False,5,Head On Collision,False,3,Car/Jeep/Taxi,False,1,Motorised Two-Wheeler,False,1,1,Minor
743.0,Kottarakkara,2632/2021,8.972869,76.825825,52.1,1.0,2021-11-21,Sunday,November,2021,17.0,N,3.0,8,1.0,11.0,1.0,0.0,0.0,F,curve,no,yes,no,0.0,no,Night,2021.0,11,21,Sunday,46,17.0,0.0,12-18,3,Vehicle to Pedestrian,False,8,Hit Pedestrian,False,1,Motorised Two-Wheeler,False,11,Pedestrian,False,1,1,Fatal
744.0,Kottarakkara,2642/2021,8.955967,76.842583,49.0,2.0,2021-11-03,Wednesday,November,2021,9.15,D,2.0,2,3.0,1.0,0.0,0.0,1.0,M,straight,no,yes,yes,1.0,no,Day,2021.0,11,3,Wednesday,44,9.0,15.0,6-12,2,Vehicle to Vehicle,False,2,Hit from Side,False,3,Car/Jeep/Taxi,False,1,Motorised Two-Wheeler,False,0,0,Minor
745.0,Kottarakkara,2665/2021,8.953001,76.843676,48.7,1.0,2021-11-03,Wednesday,November,2021,20.0,N,3.0,8,3.0,11.0,0.0,1.0,0.0,G,curve,no,yes,yes,0.0,no,Night,2021.0,11,3,Wednesday,44,20.0,0.0,18-24,3,Vehicle to Pedestrian,False,8,Hit Pedestrian,False,3,Car/Jeep/Taxi,False,11,Pedestrian,False,0,1,Grievous
746.0,Kottarakkara,542/2022,8.96289,76.836678,50.1,1.0,2022-02-26,Saturday,February,2022,8.3,D,3.0,8,3.0,11.0,0.0,0.0,2.0,M,curve,no,yes,yes,0.0,no,Day,2022.0,2,26,Saturday,8,8.0,30.0,6-12,3,Vehicle to Pedestrian,False,8,Hit Pedestrian,False,3,Car/Jeep/Taxi,False,11,Pedestrian,False,1,0,Minor
747.0,Kottarakkara,550/2022,8.991624,76.798175,56.1,2.0,2022-03-04,Friday,March,2022,13.0,D,2.0,1,8.0,2.0,1.0,0.0,1.0,F,curve,no,yes,no,2.0,no,Day,2022.0,3,4,Friday,9,13.0,0.0,12-18,2,Vehicle to Vehicle,False,1,Hit from Back,False,8,Truck/Lorry,False,2,Passenger Auto,False,0,0,Fatal
748.0,Kottarakkara,580/2022,9.020992,76.784779,60.8,2.0,2022-03-09,Wednesday,March,2022,10.0,D,2.0,5,1.0,3.0,0.0,0.0,1.0,M,straight,no,yes,no,1.0,no,Day,2022.0,3,9,Wednesday,10,10.0,0.0,6-12,2,Vehicle to Vehicle,False,5,Head On Collision,False,1,Motorised Two-Wheeler,False,3,Car/Jeep/Taxi,False,0,0,Minor
749.0,Kottarakkara,600/2022,9.054817,76.769512,65.2,2.0,2021-10-25,Monday,October,2021,11.3,D,2.0,2,3.0,1.0,0.0,0.0,1.0,M,straight,no,yes,yes,1.0,no,Day,2021.0,10,25,Monday,43,11.0,30.0,6-12,2,Vehicle to Vehicle,False,2,Hit from Side,False,3,Car/Jeep/Taxi,False,1,Motorised Two-Wheeler,False,0,0,Minor
750.0,Kottarakkara,620/2022,9.043556,76.773584,63.9,1.0,2022-02-12,Saturday,February,2022,19.0,N,1.0,8,3.0,11.0,0.0,1.0,0.0,G,straight,no,yes,yes,0.0,yes,Night,2022.0,2,12,Saturday,6,19.0,0.0,18-24,1,Single Vehicle,False,8,Hit Pedestrian,False,3,Car/Jeep/Taxi,False,11,Pedestrian,False,1,1,Grievous
751.0,Kottarakkara,634/2022,9.045071,76.77389,64.0,1.0,2022-03-09,Wednesday,March,2022,21.0,N,3.0,8,1.0,11.0,0.0,0.0,1.0,M,straight,no,yes,no,1.0,no,Night,2022.0,3,9,Wednesday,10,21.0,0.0,18-24,3,Vehicle to Pedestrian,False,8,Hit Pedestrian,False,1,Motorised Two-Wheeler,False,11,Pedestrian,False,0,1,Minor
752.0,Kottarakkara,655/2022,9.043556,76.773584,63.9,2.0,2022-02-07,Monday,February,2022,21.0,N,2.0,1,1.0,1.0,0.0,1.0,0.0,G,straight,no,yes,yes,0.0,yes,Night,2022.0,2,7,Monday,6,21.0,0.0,18-24,2,Vehicle to Vehicle,False,1,Hit from Back,False,1,Motorised Two-Wheeler,False,1,Motorised Two-Wheeler,False,0,1,Grievous
753.0,Kottarakkara,666/2022,9.005488,76.783176,59.0,2.0,2022-03-20,Sunday,March,2022,5.45,D,2.0,5,3.0,5.0,0.0,0.0,2.0,M,curve,no,yes,yes,0.0,yes,Day,2022.0,3,20,Sunday,11,5.0,45.0,0-6,2,Vehicle to Vehicle,False,5,Head On Collision,False,3,Car/Jeep/Taxi,False,5,Mini Bus/Passenger Tempo/Passenger Van,False,1,1,Minor
754.0,Kottarakkara,821/2022,9.012137,76.784495,59.8,2.0,2022-04-05,Tuesday,April,2022,12.3,D,2.0,2,1.0,1.0,0.0,1.0,0.0,G,straight,no,yes,no,2.0,no,Day,2022.0,4,5,Tuesday,14,12.0,30.0,12-18,2,Vehicle to Vehicle,False,2,Hit from Side,False,1,Motorised Two-Wheeler,False,1,Motorised Two-Wheeler,False,0,0,Grievous
755.0,Kottarakkara,824/2022,9.012137,76.784495,59.8,2.0,2022-04-07,Thursday,April,2022,6.3,D,2.0,2,8.0,1.0,0.0,1.0,0.0,G,straight,no,yes,no,2.0,no,Day,2022.0,4,7,Thursday,14,6.0,30.0,6-12,2,Vehicle to Vehicle,False,2,Hit from Side,False,8,Truck/Lorry,False,1,Motorised Two-Wheeler,False,0,0,Grievous
756.0,Kottarakkara,840/2022,9.023116,76.78507,61.0,2.0,2022-04-11,Monday,April,2022,4.3,N,2.0,1,8.0,8.0,1.0,0.0,0.0,F,curve,no,yes,no,1.0,no,Night,2022.0,4,11,Monday,15,4.0,30.0,0-6,2,Vehicle to Vehicle,False,1,Hit from Back,False,8,Truck/Lorry,False,8,Truck/Lorry,False,0,1,Fatal
757.0,Kottarakkara,845/2022,8.918569,76.855043,44.5,2.0,2022-04-04,Monday,April,2022,16.4,D,2.0,2,3.0,1.0,0.0,1.0,1.0,G,curve,no,yes,yes,0.0,no,Day,2022.0,4,4,Monday,14,16.0,40.0,12-18,2,Vehicle to Vehicle,False,2,Hit from Side,False,3,Car/Jeep/Taxi,False,1,Motorised Two-Wheeler,False,0,0,Grievous
758.0,Kottarakkara,852/2022,8.972846,76.823323,52.4,1.0,2022-04-10,Sunday,April,2022,19.3,N,3.0,8,2.0,11.0,0.0,1.0,0.0,G,curve,no,yes,no,1.0,no,Night,2022.0,4,10,Sunday,14,19.0,30.0,18-24,3,Vehicle to Pedestrian,False,8,Hit Pedestrian,False,2,Passenger Auto,False,11,Pedestrian,False,1,1,Grievous
759.0,Kottarakkara,861/2022,8.938439,76.849889,46.9,2.0,2022-04-10,Sunday,April,2022,16.0,D,2.0,5,3.0,3.0,0.0,1.0,1.0,G,straight,no,yes,yes,0.0,yes,Day,2022.0,4,10,Sunday,14,16.0,0.0,12-18,2,Vehicle to Vehicle,False,5,Head On Collision,False,3,Car/Jeep/Taxi,False,3,Car/Jeep/Taxi,False,1,0,Grievous
760.0,Kottarakkara,914/2022,8.918707,76.855227,44.5,2.0,2022-04-14,Thursday,April,2022,21.0,N,2.0,2,1.0,1.0,1.0,0.0,0.0,F,curve,no,yes,yes,0.0,no,Night,2022.0,4,14,Thursday,15,21.0,0.0,18-24,2,Vehicle to Vehicle,False,2,Hit from Side,False,1,Motorised Two-Wheeler,False,1,Motorised Two-Wheeler,False,0,1,Fatal
761.0,Kottarakkara,971/2022,9.038187,76.775522,63.2,2.0,2022-04-17,Sunday,April,2022,20.2,N,2.0,5,3.0,1.0,0.0,1.0,0.0,G,curve,no,yes,no,1.0,no,Night,2022.0,4,17,Sunday,15,20.0,20.0,18-24,2,Vehicle to Vehicle,False,5,Head On Collision,False,3,Car/Jeep/Taxi,False,1,Motorised Two-Wheeler,False,1,1,Grievous
762.0,Kottarakkara,976/2022,8.963136,76.835783,50.3,2.0,2022-04-13,Wednesday,April,2022,14.0,D,2.0,5,3.0,1.0,0.0,1.0,0.0,G,curve,no,yes,no,0.0,no,Day,2022.0,4,13,Wednesday,15,14.0,0.0,12-18,2,Vehicle to Vehicle,False,5,Head On Collision,False,3,Car/Jeep/Taxi,False,1,Motorised Two-Wheeler,False,0,0,Grievous
763.0,Kottarakkara,991/2022,9.028816,76.783695,61.7,1.0,2022-04-28,Thursday,April,2022,9.45,D,3.0,8,1.0,11.0,1.0,0.0,0.0,F,straight,no,yes,yes,0.0,no,Day,2022.0,4,28,Thursday,17,9.0,45.0,6-12,3,Vehicle to Pedestrian,False,8,Hit Pedestrian,False,1,Motorised Two-Wheeler,False,11,Pedestrian,False,0,0,Fatal
764.0,Kottarakkara,1059/2022,8.975659,76.817622,53.1,1.0,2022-05-08,Sunday,May,2022,1.0,N,3.0,8,1.0,11.0,1.0,0.0,0.0,F,curve,no,yes,yes,0.0,no,Night,2022.0,5,8,Sunday,18,1.0,0.0,0-6,3,Vehicle to Pedestrian,False,8,Hit Pedestrian,False,1,Motorised Two-Wheeler,False,11,Pedestrian,False,1,1,Fatal
765.0,Kottarakkara,1074/2022,9.040415,76.774604,63.5,2.0,2022-04-10,Sunday,April,2022,10.3,D,2.0,1,2.0,4.0,0.0,1.0,2.0,G,curve,no,yes,no,1.0,no,Day,2022.0,4,10,Sunday,14,10.0,30.0,6-12,2,Vehicle to Vehicle,False,1,Hit from Back,False,2,Passenger Auto,False,4,Bus,False,1,0,Grievous
766.0,Kottarakkara,1108/2022,9.038187,76.775522,63.2,2.0,2022-04-17,Sunday,April,2022,6.45,D,2.0,5,1.0,8.0,0.0,1.0,0.0,G,curve,no,yes,no,1.0,no,Day,2022.0,4,17,Sunday,15,6.0,45.0,6-12,2,Vehicle to Vehicle,False,5,Head On Collision,False,1,Motorised Two-Wheeler,False,8,Truck/Lorry,False,1,0,Grievous
767.0,Kottarakkara,1140/2022,8.909781,76.855068,43.4,2.0,2022-05-17,Tuesday,May,2022,17.3,D,2.0,5,5.0,1.0,1.0,0.0,0.0,F,curve,yes,yes,no,1.0,no,Day,2022.0,5,17,Tuesday,20,17.0,30.0,12-18,2,Vehicle to Vehicle,False,5,Head On Collision,False,5,Mini Bus/Passenger Tempo/Passenger Van,False,1,Motorised Two-Wheeler,False,0,0,Fatal
768.0,Kottarakkara,1211/2022,9.059948,76.764295,66.1,1.0,2022-03-23,Wednesday,March,2022,11.0,D,1.0,4,2.0,0.0,0.0,1.0,0.0,G,curve,no,yes,no,1.0,no,Day,2022.0,3,23,Wednesday,12,11.0,0.0,6-12,1,Single Vehicle,False,4,Vehicle Overturn/Skidding,False,2,Passenger Auto,False,0,Unknown/Out-of-master,True,0,0,Grievous