Sl No,NO OF ACCIDENT REPORTED ON THIS CORRIDOR UNDER JURISDICTION,FIR NO,Latitude,Longitude,Distance,NO. OF VEHICLE,Date,DAY OF THE WEEK,Month of the year,Year of Accident,Time,D/N,PATTERN OF COLLISION,TYPE OF COLLISION,TYPE OF VEHICLE-1,TYPE OF VEHICLE-2,FATAL,GRIEVOUS,MINOR,SEVERITY,GEOMETRY,PRESENCE OF MEDIAN,PRESENCE OF SHOULDER,PRESENCE OF FOOTPATH,SIDE ROAD,JN/NOT,day_night_label,year,month_num,day,day_of_week,week_of_year,hour,minute,time_bucket,PATTERN_OF_COLLISION_CODE,PATTERN_OF_COLLISION_LABEL,PATTERN_OF_COLLISION_UNKNOWN,TYPE_OF_COLLISION_CODE,TYPE_OF_COLLISION_LABEL,TYPE_OF_COLLISION_UNKNOWN,TYPE_OF_VEHICLE_1_CODE,TYPE_OF_VEHICLE_1_LABEL,TYPE_OF_VEHICLE_1_UNKNOWN,TYPE_OF_VEHICLE_2_CODE,TYPE_OF_VEHICLE_2_LABEL,TYPE_OF_VEHICLE_2_UNKNOWN,is_weekend,is_night,severity_target
769.0,Kottarakkara,1249/2022,9.028851,76.783674,61.7,1.0,2022-05-18,Wednesday,May,2022,19.15,N,3.0,8,1.0,11.0,0.0,1.0,0.0,G,curve,no,yes,yes,1.0,no,Night,2022.0,5,18,Wednesday,20,19.0,15.0,18-24,3,Vehicle to Pedestrian,False,8,Hit Pedestrian,False,1,Motorised Two-Wheeler,False,11,Pedestrian,False,0,1,Grievous
770.0,Kottarakkara,1256/2022,8.975659,76.817622,53.1,2.0,2022-05-01,Sunday,May,2022,16.45,D,2.0,1,2.0,1.0,0.0,1.0,1.0,G,curve,no,yes,yes,0.0,no,Day,2022.0,5,1,Sunday,17,16.0,45.0,12-18,2,Vehicle to Vehicle,False,1,Hit from Back,False,2,Passenger Auto,False,1,Motorised Two-Wheeler,False,1,0,Grievous
771.0,Kottarakkara,1263/2022,9.020992,76.784779,60.8,2.0,2022-05-27,Friday,May,2022,21.15,N,2.0,5,3.0,1.0,0.0,2.0,0.0,G,straight,no,yes,no,1.0,no,Night,2022.0,5,27,Friday,21,21.0,15.0,18-24,2,Vehicle to Vehicle,False,5,Head On Collision,False,3,Car/Jeep/Taxi,False,1,Motorised Two-Wheeler,False,0,1,Grievous
772.0,Kottarakkara,1274/2022,8.942357,76.848874,47.4,2.0,2022-05-22,Sunday,May,2022,13.3,D,2.0,1,1.0,1.0,0.0,1.0,1.0,G,straight,no,yes,no,0.0,no,Day,2022.0,5,22,Sunday,20,13.0,30.0,12-18,2,Vehicle to Vehicle,False,1,Hit from Back,False,1,Motorised Two-Wheeler,False,1,Motorised Two-Wheeler,False,1,0,Grievous
773.0,Kottarakkara,1283/2022,8.991541,76.798503,56.1,2.0,2022-05-29,Sunday,May,2022,12.0,D,2.0,5,3.0,3.0,0.0,0.0,1.0,M,curve,no,yes,no,2.0,no,Day,2022.0,5,29,Sunday,21,12.0,0.0,12-18,2,Vehicle to Vehicle,False,5,Head On Collision,False,3,Car/Jeep/Taxi,False,3,Car/Jeep/Taxi,False,1,0,Minor
774.0,Kottarakkara,1284/2022,8.938419,76.849965,46.9,2.0,2022-05-24,Tuesday,May,2022,12.0,D,2.0,2,3.0,1.0,0.0,1.0,0.0,G,straight,no,yes,yes,0.0,yes,Day,2022.0,5,24,Tuesday,21,12.0,0.0,12-18,2,Vehicle to Vehicle,False,2,Hit from Side,False,3,Car/Jeep/Taxi,False,1,Motorised Two-Wheeler,False,0,0,Grievous
775.0,Kottarakkara,1298/2022,8.975659,76.817622,53.1,2.0,2022-05-10,Tuesday,May,2022,11.3,D,2.0,1,3.0,1.0,0.0,1.0,1.0,G,curve,no,yes,yes,0.0,no,Day,2022.0,5,10,Tuesday,19,11.0,30.0,6-12,2,Vehicle to Vehicle,False,1,Hit from Back,False,3,Car/Jeep/Taxi,False,1,Motorised Two-Wheeler,False,0,0,Grievous
776.0,Kottarakkara,1327/2022,9.018263,76.784239,60.5,2.0,2022-06-07,Tuesday,June,2022,14.45,D,2.0,2,6.0,1.0,0.0,1.0,0.0,G,curve,no,yes,no,1.0,no,Day,2022.0,6,7,Tuesday,23,14.0,45.0,12-18,2,Vehicle to Vehicle,False,2,Hit from Side,False,6,Goods Auto/Goods Pick-up Van,False,1,Motorised Two-Wheeler,False,0,0,Grievous
777.0,Kottarakkara,1350/2022,9.062088,76.762474,66.4,2.0,2022-06-09,Thursday,June,2022,16.3,D,2.0,2,1.0,1.0,0.0,1.0,0.0,G,curve,no,yes,no,0.0,no,Day,2022.0,6,9,Thursday,23,16.0,30.0,12-18,2,Vehicle to Vehicle,False,2,Hit from Side,False,1,Motorised Two-Wheeler,False,1,Motorised Two-Wheeler,False,0,0,Grievous
778.0,Kottarakkara,1399/2022,9.05066,76.771311,64.7,2.0,2022-06-06,Monday,June,2022,18.45,N,2.0,5,3.0,1.0,0.0,1.0,0.0,G,straight,no,yes,no,2.0,no,Night,2022.0,6,6,Monday,23,18.0,45.0,18-24,2,Vehicle to Vehicle,False,5,Head On Collision,False,3,Car/Jeep/Taxi,False,1,Motorised Two-Wheeler,False,0,1,Grievous
779.0,Kottarakkara,1420/2022,8.954476,76.842817,48.9,2.0,2022-06-11,Saturday,June,2022,13.3,D,2.0,5,3.0,3.0,0.0,2.0,0.0,G,curve,no,yes,no,1.0,no,Day,2022.0,6,11,Saturday,23,13.0,30.0,12-18,2,Vehicle to Vehicle,False,5,Head On Collision,False,3,Car/Jeep/Taxi,False,3,Car/Jeep/Taxi,False,1,0,Grievous
780.0,Kottarakkara,1517/2022,9.05479,76.769519,65.2,2.0,2022-06-21,Tuesday,June,2022,10.15,D,2.0,1,3.0,1.0,0.0,1.0,1.0,G,straight,no,yes,yes,1.0,no,Day,2022.0,6,21,Tuesday,25,10.0,15.0,6-12,2,Vehicle to Vehicle,False,1,Hit from Back,False,3,Car/Jeep/Taxi,False,1,Motorised Two-Wheeler,False,0,0,Grievous
781.0,Kottarakkara,1550/2022,9.040415,76.774604,63.5,2.0,2022-07-05,Tuesday,July,2022,14.3,D,2.0,1,6.0,1.0,0.0,1.0,0.0,G,straight,no,yes,no,1.0,no,Day,2022.0,7,5,Tuesday,27,14.0,30.0,12-18,2,Vehicle to Vehicle,False,1,Hit from Back,False,6,Goods Auto/Goods Pick-up Van,False,1,Motorised Two-Wheeler,False,0,0,Grievous
782.0,Kottarakkara,1561/2022,8.992265,76.796392,56.3,2.0,2022-06-23,Thursday,June,2022,19.45,N,2.0,5,6.0,1.0,0.0,1.0,1.0,G,straight,no,yes,no,0.0,no,Night,2022.0,6,23,Thursday,25,19.0,45.0,18-24,2,Vehicle to Vehicle,False,5,Head On Collision,False,6,Goods Auto/Goods Pick-up Van,False,1,Motorised Two-Wheeler,False,0,1,Grievous
783.0,Kottarakkara,1562/2022,9.005488,76.783176,59.0,2.0,2022-07-05,Tuesday,July,2022,9.0,D,2.0,2,3.0,1.0,0.0,0.0,1.0,M,curve,no,yes,yes,0.0,yes,Day,2022.0,7,5,Tuesday,27,9.0,0.0,6-12,2,Vehicle to Vehicle,False,2,Hit from Side,False,3,Car/Jeep/Taxi,False,1,Motorised Two-Wheeler,False,0,0,Minor
784.0,Kottarakkara,1624/2022,8.991591,76.798317,56.1,2.0,2022-07-15,Friday,July,2022,18.0,N,2.0,2,3.0,1.0,0.0,1.0,0.0,G,curve,no,yes,no,2.0,no,Night,2022.0,7,15,Friday,28,18.0,0.0,18-24,2,Vehicle to Vehicle,False,2,Hit from Side,False,3,Car/Jeep/Taxi,False,1,Motorised Two-Wheeler,False,0,1,Grievous
785.0,Kottarakkara,1648/2022,8.992667,76.793684,56.6,2.0,2022-07-16,Saturday,July,2022,19.45,N,2.0,5,3.0,1.0,0.0,1.0,0.0,G,straight,no,yes,no,2.0,no,Night,2022.0,7,16,Saturday,28,19.0,45.0,18-24,2,Vehicle to Vehicle,False,5,Head On Collision,False,3,Car/Jeep/Taxi,False,1,Motorised Two-Wheeler,False,1,1,Grievous
786.0,Kottarakkara,1657/2022,8.938484,76.849957,46.9,2.0,2022-07-19,Tuesday,July,2022,19.0,N,2.0,5,3.0,1.0,1.0,0.0,0.0,F,straight,no,yes,yes,0.0,yes,Night,2022.0,7,19,Tuesday,29,19.0,0.0,18-24,2,Vehicle to Vehicle,False,5,Head On Collision,False,3,Car/Jeep/Taxi,False,1,Motorised Two-Wheeler,False,0,1,Fatal
787.0,Kottarakkara,1687/2022,8.957307,76.842612,49.2,2.0,2022-07-23,Saturday,July,2022,20.0,N,2.0,5,3.0,1.0,0.0,1.0,0.0,G,curve,no,yes,yes,1.0,no,Night,2022.0,7,23,Saturday,29,20.0,0.0,18-24,2,Vehicle to Vehicle,False,5,Head On Collision,False,3,Car/Jeep/Taxi,False,1,Motorised Two-Wheeler,False,1,1,Grievous
788.0,Kottarakkara,1722/2022,8.938484,76.849957,46.9,2.0,2022-07-19,Tuesday,July,2022,15.45,D,2.0,1,3.0,1.0,0.0,1.0,0.0,G,straight,no,yes,yes,0.0,yes,Day,2022.0,7,19,Tuesday,29,15.0,45.0,12-18,2,Vehicle to Vehicle,False,1,Hit from Back,False,3,Car/Jeep/Taxi,False,1,Motorised Two-Wheeler,False,0,0,Grievous
789.0,Kottarakkara,1735/2022,9.05479,76.769519,65.2,2.0,2022-07-17,Sunday,July,2022,21.3,N,2.0,5,3.0,1.0,0.0,1.0,0.0,G,straight,no,yes,yes,1.0,no,Night,2022.0,7,17,Sunday,28,21.0,30.0,18-24,2,Vehicle to Vehicle,False,5,Head On Collision,False,3,Car/Jeep/Taxi,False,1,Motorised Two-Wheeler,False,1,1,Grievous
790.0,Kottarakkara,1748/2022,9.018263,76.784239,60.5,2.0,2022-07-31,Sunday,July,2022,20.15,N,2.0,5,4.0,1.0,1.0,0.0,0.0,F,curve,no,yes,no,1.0,no,Night,2022.0,7,31,Sunday,30,20.0,15.0,18-24,2,Vehicle to Vehicle,False,5,Head On Collision,False,4,Bus,False,1,Motorised Two-Wheeler,False,1,1,Fatal
791.0,Kottarakkara,1757/2022,9.050475,76.771439,64.7,2.0,2022-07-07,Thursday,July,2022,3.15,N,2.0,5,8.0,3.0,0.0,1.0,1.0,G,straight,no,yes,no,2.0,no,Night,2022.0,7,7,Thursday,27,3.0,15.0,0-6,2,Vehicle to Vehicle,False,5,Head On Collision,False,8,Truck/Lorry,False,3,Car/Jeep/Taxi,False,0,1,Grievous
792.0,Kottarakkara,1776/2022,8.942493,76.848841,47.4,1.0,2022-07-31,Sunday,July,2022,19.45,N,1.0,8,3.0,11.0,0.0,2.0,0.0,G,straight,no,yes,no,0.0,no,Night,2022.0,7,31,Sunday,30,19.0,45.0,18-24,1,Single Vehicle,False,8,Hit Pedestrian,False,3,Car/Jeep/Taxi,False,11,Pedestrian,False,1,1,Grievous
793.0,Kottarakkara,1794/2022,9.038187,76.775522,63.2,1.0,2022-08-06,Saturday,August,2022,20.5,N,3.0,8,1.0,11.0,1.0,0.0,0.0,F,curve,no,yes,no,1.0,no,Night,2022.0,8,6,Saturday,31,20.0,50.0,18-24,3,Vehicle to Pedestrian,False,8,Hit Pedestrian,False,1,Motorised Two-Wheeler,False,11,Pedestrian,False,1,1,Fatal
794.0,Kottarakkara,1865/2022,8.954472,76.842853,48.9,1.0,2022-08-06,Saturday,August,2022,5.0,N,3.0,8,3.0,11.0,0.0,1.0,1.0,G,straight,no,yes,yes,2.0,no,Night,2022.0,8,6,Saturday,31,5.0,0.0,0-6,3,Vehicle to Pedestrian,False,8,Hit Pedestrian,False,3,Car/Jeep/Taxi,False,11,Pedestrian,False,1,1,Grievous
795.0,Kottarakkara,1936/2022,9.028324,76.78393,61.6,2.0,2022-08-24,Wednesday,August,2022,18.3,N,2.0,1,3.0,1.0,0.0,1.0,0.0,G,straight,no,yes,yes,1.0,no,Night,2022.0,8,24,Wednesday,34,18.0,30.0,18-24,2,Vehicle to Vehicle,False,1,Hit from Back,False,3,Car/Jeep/Taxi,False,1,Motorised Two-Wheeler,False,0,1,Grievous
796.0,Kottarakkara,1975/2022,8.950088,76.845508,48.3,2.0,2022-08-06,Saturday,August,2022,16.3,D,2.0,5,4.0,1.0,0.0,1.0,0.0,G,straight,no,yes,no,1.0,no,Day,2022.0,8,6,Saturday,31,16.0,30.0,12-18,2,Vehicle to Vehicle,False,5,Head On Collision,False,4,Bus,False,1,Motorised Two-Wheeler,False,1,0,Grievous
797.0,Kottarakkara,1976/2022,8.992276,76.796403,56.3,1.0,2022-06-01,Wednesday,June,2022,12.45,D,3.0,8,1.0,11.0,0.0,0.0,1.0,M,straight,no,yes,no,0.0,no,Day,2022.0,6,1,Wednesday,22,12.0,45.0,12-18,3,Vehicle to Pedestrian,False,8,Hit Pedestrian,False,1,Motorised Two-Wheeler,False,11,Pedestrian,False,0,0,Minor
798.0,Kottarakkara,2021/2022,8.981363,76.809965,54.3,1.0,2022-08-23,Tuesday,August,2022,7.15,D,3.0,8,3.0,11.0,0.0,1.0,1.0,G,curve,no,yes,no,0.0,yes,Day,2022.0,8,23,Tuesday,34,7.0,15.0,6-12,3,Vehicle to Pedestrian,False,8,Hit Pedestrian,False,3,Car/Jeep/Taxi,False,11,Pedestrian,False,0,0,Grievous
799.0,Kottarakkara,2084/2022,8.967427,76.831758,51.0,1.0,2022-09-01,Thursday,September,2022,12.0,D,1.0,8,3.0,11.0,0.0,1.0,0.0,G,curve,no,yes,no,0.0,no,Day,2022.0,9,1,Thursday,35,12.0,0.0,12-18,1,Single Vehicle,False,8,Hit Pedestrian,False,3,Car/Jeep/Taxi,False,11,Pedestrian,False,0,0,Grievous
800.0,Kottarakkara,2107/2022,9.05479,76.769519,65.2,2.0,2022-09-14,Wednesday,September,2022,8.3,D,2.0,2,2.0,1.0,0.0,2.0,0.0,G,curve,no,yes,no,0.0,no,Day,2022.0,9,14,Wednesday,37,8.0,30.0,6-12,2,Vehicle to Vehicle,False,2,Hit from Side,False,2,Passenger Auto,False,1,Motorised Two-Wheeler,False,0,0,Grievous
801.0,Kottarakkara,2191/2022,9.005488,76.783176,59.0,2.0,2022-09-08,Thursday,September,2022,6.2,D,2.0,2,3.0,3.0,0.0,1.0,0.0,G,straight,no,yes,yes,1.0,no,Day,2022.0,9,8,Thursday,36,6.0,20.0,6-12,2,Vehicle to Vehicle,False,2,Hit from Side,False,3,Car/Jeep/Taxi,False,3,Car/Jeep/Taxi,False,0,0,Grievous
802.0,Kottarakkara,2192/2022,8.957307,76.842612,49.2,1.0,2022-09-22,Thursday,September,2022,16.3,D,3.0,8,3.0,11.0,0.0,1.0,0.0,G,curve,no,yes,yes,0.0,yes,Day,2022.0,9,22,Thursday,38,16.0,30.0,12-18,3,Vehicle to Pedestrian,False,8,Hit Pedestrian,False,3,Car/Jeep/Taxi,False,11,Pedestrian,False,0,0,Grievous
803.0,Kottarakkara,2197/2022,8.96289,76.836678,50.1,2.0,2022-09-26,Monday,September,2022,4.45,N,2.0,5,3.0,3.0,0.0,1.0,21.0,G,curve,no,yes,yes,1.0,no,Night,2022.0,9,26,Monday,39,4.0,45.0,0-6,2,Vehicle to Vehicle,False,5,Head On Collision,False,3,Car/Jeep/Taxi,False,3,Car/Jeep/Taxi,False,0,1,Grievous
804.0,Kottarakkara,2255/2022,9.040639,76.7744,63.5,1.0,2022-10-06,Thursday,October,2022,11.0,D,3.0,8,3.0,11.0,1.0,0.0,0.0,F,curve,no,yes,yes,0.0,no,Day,2022.0,10,6,Thursday,40,11.0,0.0,6-12,3,Vehicle to Pedestrian,False,8,Hit Pedestrian,False,3,Car/Jeep/Taxi,False,11,Pedestrian,False,0,0,Fatal
805.0,Kottarakkara,2260/2022,8.954472,76.842853,48.9,2.0,2022-09-28,Wednesday,September,2022,9.3,D,2.0,5,3.0,1.0,0.0,2.0,0.0,G,straight,no,yes,no,1.0,no,Day,2022.0,9,28,Wednesday,39,9.0,30.0,6-12,2,Vehicle to Vehicle,False,5,Head On Collision,False,3,Car/Jeep/Taxi,False,1,Motorised Two-Wheeler,False,0,0,Grievous
806.0,Kottarakkara,2273/2022,8.972717,76.824013,52.3,2.0,2022-09-30,Friday,September,2022,14.15,D,2.0,1,3.0,1.0,0.0,1.0,0.0,G,straight,no,yes,yes,2.0,no,Day,2022.0,9,30,Friday,39,14.0,15.0,12-18,2,Vehicle to Vehicle,False,1,Hit from Back,False,3,Car/Jeep/Taxi,False,1,Motorised Two-Wheeler,False,0,0,Grievous
807.0,Kottarakkara,2340/2022,8.972717,76.824013,52.3,1.0,2022-09-14,Wednesday,September,2022,16.0,D,3.0,8,1.0,11.0,0.0,1.0,0.0,G,curve,no,yes,no,1.0,no,Day,2022.0,9,14,Wednesday,37,16.0,0.0,12-18,3,Vehicle to Pedestrian,False,8,Hit Pedestrian,False,1,Motorised Two-Wheeler,False,11,Pedestrian,False,0,0,Grievous
808.0,Kottarakkara,2396/2022,9.028139,76.783932,61.6,1.0,2022-10-15,Saturday,October,2022,21.0,N,3.0,8,1.0,11.0,0.0,1.0,0.0,G,curve,no,yes,no,1.0,no,Night,2022.0,10,15,Saturday,41,21.0,0.0,18-24,3,Vehicle to Pedestrian,False,8,Hit Pedestrian,False,1,Motorised Two-Wheeler,False,11,Pedestrian,False,1,1,Grievous
809.0,Kottarakkara,2400/2022,8.96289,76.836678,50.1,2.0,2022-10-17,Monday,October,2022,14.25,D,2.0,2,3.0,1.0,0.0,1.0,1.0,G,straight,no,yes,yes,1.0,no,Day,2022.0,10,17,Monday,42,14.0,25.0,12-18,2,Vehicle to Vehicle,False,2,Hit from Side,False,3,Car/Jeep/Taxi,False,1,Motorised Two-Wheeler,False,0,0,Grievous
810.0,Kottarakkara,2434/2022,9.04999,76.77175,64.6,1.0,2022-10-29,Saturday,October,2022,13.15,D,3.0,8,6.0,11.0,1.0,0.0,0.0,F,curve,no,yes,yes,0.0,no,Day,2022.0,10,29,Saturday,43,13.0,15.0,12-18,3,Vehicle to Pedestrian,False,8,Hit Pedestrian,False,6,Goods Auto/Goods Pick-up Van,False,11,Pedestrian,False,1,0,Fatal
811.0,Kottarakkara,2465/2022,9.05845,76.767214,65.7,2.0,2022-10-05,Wednesday,October,2022,19.3,N,2.0,5,3.0,1.0,0.0,1.0,0.0,G,straight,no,yes,no,1.0,no,Night,2022.0,10,5,Wednesday,40,19.0,30.0,18-24,2,Vehicle to Vehicle,False,5,Head On Collision,False,3,Car/Jeep/Taxi,False,1,Motorised Two-Wheeler,False,0,1,Grievous
812.0,Kottarakkara,2514/2022,8.954472,76.842853,48.9,2.0,2022-10-15,Saturday,October,2022,11.45,D,2.0,5,1.0,1.0,0.0,1.0,0.0,G,straight,no,yes,no,0.0,no,Day,2022.0,10,15,Saturday,41,11.0,45.0,6-12,2,Vehicle to Vehicle,False,5,Head On Collision,False,1,Motorised Two-Wheeler,False,1,Motorised Two-Wheeler,False,1,0,Grievous
813.0,Kottarakkara,2536/2022,8.972846,76.823323,52.4,1.0,2022-10-28,Friday,October,2022,23.45,N,3.0,8,3.0,11.0,0.0,1.0,0.0,G,straight,no,yes,yes,2.0,no,Night,2022.0,10,28,Friday,43,23.0,45.0,18-24,3,Vehicle to Pedestrian,False,8,Hit Pedestrian,False,3,Car/Jeep/Taxi,False,11,Pedestrian,False,0,1,Grievous
814.0,Kottarakkara,2581/2022,9.050475,76.771439,64.7,2.0,2022-10-31,Monday,October,2022,10.3,D,2.0,1,3.0,1.0,0.0,1.0,0.0,G,curve,no,yes,no,1.0,no,Day,2022.0,10,31,Monday,44,10.0,30.0,6-12,2,Vehicle to Vehicle,False,1,Hit from Back,False,3,Car/Jeep/Taxi,False,1,Motorised Two-Wheeler,False,0,0,Grievous
815.0,Kottarakkara,2633/2022,8.926149,76.854923,45.4,2.0,2022-11-21,Monday,November,2022,20.0,N,2.0,5,3.0,1.0,0.0,0.0,2.0,M,straight,no,yes,no,2.0,no,Night,2022.0,11,21,Monday,47,20.0,0.0,18-24,2,Vehicle to Vehicle,False,5,Head On Collision,False,3,Car/Jeep/Taxi,False,1,Motorised Two-Wheeler,False,0,1,Minor
816.0,Kottarakkara,2715/2022,8.985175,76.802483,55.3,2.0,2022-11-29,Tuesday,November,2022,21.15,N,2.0,5,3.0,1.0,0.0,1.0,1.0,G,curve,no,yes,no,0.0,no,Night,2022.0,11,29,Tuesday,48,21.0,15.0,18-24,2,Vehicle to Vehicle,False,5,Head On Collision,False,3,Car/Jeep/Taxi,False,1,Motorised Two-Wheeler,False,0,1,Grievous
817.0,Kottarakkara,2726/2022,8.981363,76.809965,54.3,1.0,2022-11-24,Thursday,November,2022,10.15,D,3.0,8,1.0,11.0,0.0,1.0,0.0,G,curve,no,yes,yes,0.0,yes,Day,2022.0,11,24,Thursday,47,10.0,15.0,6-12,3,Vehicle to Pedestrian,False,8,Hit Pedestrian,False,1,Motorised Two-Wheeler,False,11,Pedestrian,False,0,0,Grievous
818.0,Kottarakkara,2745/2022,9.04999,76.77175,64.6,2.0,2022-10-31,Monday,October,2022,9.3,D,2.0,2,3.0,1.0,0.0,1.0,0.0,G,curve,no,yes,no,0.0,yes,Day,2022.0,10,31,Monday,44,9.0,30.0,6-12,2,Vehicle to Vehicle,False,2,Hit from Side,False,3,Car/Jeep/Taxi,False,1,Motorised Two-Wheeler,False,0,0,Grievous
819.0,Kottarakkara,2749/2022,8.945022,76.848022,47.7,1.0,2022-11-02,Wednesday,November,2022,21.3,N,1.0,4,2.0,0.0,1.0,0.0,0.0,F,straight,no,yes,no,1.0,no,Night,2022.0,11,2,Wednesday,44,21.0,30.0,18-24,1,Single Vehicle,False,4,Vehicle Overturn/Skidding,False,2,Passenger Auto,False,0,Unknown/Out-of-master,True,0,1,Fatal
820.0,Kottarakkara,2769/2022,9.038187,76.775522,63.2,2.0,2022-12-06,Tuesday,December,2022,13.3,D,2.0,5,3.0,3.0,0.0,2.0,1.0,G,curve,no,yes,no,1.0,no,Day,2022.0,12,6,Tuesday,49,13.0,30.0,12-18,2,Vehicle to Vehicle,False,5,Head On Collision,False,3,Car/Jeep/Taxi,False,3,Car/Jeep/Taxi,False,0,0,Grievous
821.0,Kottarakkara,2791/2022,8.992265,76.796392,56.3,1.0,2022-12-08,Thursday,December,2022,19.3,N,3.0,8,3.0,11.0,0.0,1.0,0.0,G,curve,no,yes,no,1.0,no,Night,2022.0,12,8,Thursday,49,19.0,30.0,18-24,3,Vehicle to Pedestrian,False,8,Hit Pedestrian,False,3,Car/Jeep/Taxi,False,11,Pedestrian,False,0,1,Grievous
822.0,Kottarakkara,2826/2022,8.923303,76.853667,45.1,2.0,2022-12-07,Wednesday,December,2022,16.15,D,2.0,2,2.0,1.0,0.0,1.0,0.0,G,straight,no,yes,no,0.0,no,Day,2022.0,12,7,Wednesday,49,16.0,15.0,12-18,2,Vehicle to Vehicle,False,2,Hit from Side,False,2,Passenger Auto,False,1,Motorised Two-Wheeler,False,0,0,Grievous
823.0,Kottarakkara,2839/2022,8.957294,76.842678,49.2,2.0,2022-12-06,Tuesday,December,2022,21.15,N,2.0,2,3.0,1.0,0.0,1.0,0.0,G,curve,no,yes,yes,2.0,no,Night,2022.0,12,6,Tuesday,49,21.0,15.0,18-24,2,Vehicle to Vehicle,False,2,Hit from Side,False,3,Car/Jeep/Taxi,False,1,Motorised Two-Wheeler,False,0,1,Grievous
824.0,Kottarakkara,2841/2022,8.992667,76.793684,56.6,1.0,2022-12-11,Sunday,December,2022,0.15,N,3.0,8,3.0,11.0,1.0,0.0,0.0,F,curve,no,yes,yes,1.0,no,Night,2022.0,12,11,Sunday,49,0.0,15.0,0-6,3,Vehicle to Pedestrian,False,8,Hit Pedestrian,False,3,Car/Jeep/Taxi,False,11,Pedestrian,False,1,1,Fatal
825.0,Kottarakkara,2847/2022,9.027521,76.783947,61.6,2.0,2022-12-09,Friday,December,2022,15.0,D,2.0,1,5.0,3.0,0.0,1.0,0.0,G,straight,no,yes,no,2.0,no,Day,2022.0,12,9,Friday,49,15.0,0.0,12-18,2,Vehicle to Vehicle,False,1,Hit from Back,False,5,Mini Bus/Passenger Tempo/Passenger Van,False,3,Car/Jeep/Taxi,False,0,0,Grievous
826.0,Kottarakkara,2861/2022,9.038187,76.775522,61.6,1.0,2022-12-05,Monday,December,2022,16.0,D,1.0,3,3.0,14.0,0.0,1.0,2.0,G,straight,no,yes,yes,1.0,no,Day,2022.0,12,5,Monday,49,16.0,0.0,12-18,1,Single Vehicle,False,3,Run Off Road,False,3,Car/Jeep/Taxi,False,14,Others (Specify),False,0,0,Grievous
827.0,Kottarakkara,2888/2022,9.007307,76.783461,59.2,1.0,2022-12-16,Friday,December,2022,18.5,N,3.0,8,8.0,11.0,1.0,0.0,0.0,F,straight,no,yes,yes,1.0,no,Night,2022.0,12,16,Friday,50,18.0,50.0,18-24,3,Vehicle to Pedestrian,False,8,Hit Pedestrian,False,8,Truck/Lorry,False,11,Pedestrian,False,0,1,Fatal
828.0,Kottarakkara,2894/2022,9.020992,76.784779,60.8,2.0,2022-12-04,Sunday,December,2022,20.0,N,2.0,1,3.0,1.0,0.0,1.0,0.0,G,curve,no,yes,yes,0.0,yes,Night,2022.0,12,4,Sunday,48,20.0,0.0,18-24,2,Vehicle to Vehicle,False,1,Hit from Back,False,3,Car/Jeep/Taxi,False,1,Motorised Two-Wheeler,False,1,1,Grievous
829.0,Kottarakkara,2921/2022,8.926248,76.854973,45.4,2.0,2022-12-15,Thursday,December,2022,12.3,D,2.0,1,1.0,1.0,0.0,1.0,0.0,G,straight,no,yes,no,1.0,no,Day,2022.0,12,15,Thursday,50,12.0,30.0,12-18,2,Vehicle to Vehicle,False,1,Hit from Back,False,1,Motorised Two-Wheeler,False,1,Motorised Two-Wheeler,False,0,0,Grievous
830.0,Kottarakkara,2944/2022,8.9757,76.817632,53.1,2.0,2022-12-16,Friday,December,2022,12.0,D,2.0,5,3.0,2.0,0.0,1.0,3.0,G,curve,no,yes,yes,1.0,no,Day,2022.0,12,16,Friday,50,12.0,0.0,12-18,2,Vehicle to Vehicle,False,5,Head On Collision,False,3,Car/Jeep/Taxi,False,2,Passenger Auto,False,0,0,Grievous
831.0,Kottarakkara,2981/2022,9.038187,76.775522,63.2,1.0,2022-11-25,Friday,November,2022,13.0,D,1.0,3,3.0,14.0,0.0,1.0,2.0,G,curve,no,yes,yes,0.0,no,Day,2022.0,11,25,Friday,47,13.0,0.0,12-18,1,Single Vehicle,False,3,Run Off Road,False,3,Car/Jeep/Taxi,False,14,Others (Specify),False,0,0,Grievous
832.0,Kottarakkara,2989/2022,9.035632,76.776479,62.9,1.0,2022-12-15,Thursday,December,2022,19.3,N,3.0,8,3.0,11.0,0.0,1.0,0.0,G,straight,no,yes,no,0.0,no,Night,2022.0,12,15,Thursday,50,19.0,30.0,18-24,3,Vehicle to Pedestrian,False,8,Hit Pedestrian,False,3,Car/Jeep/Taxi,False,11,Pedestrian,False,0,1,Grievous
833.0,Kottarakkara,2999/2022,9.022601,76.784742,61.0,2.0,2022-12-19,Monday,December,2022,14.3,D,2.0,5,3.0,3.0,0.0,0.0,2.0,M,straight,no,yes,no,1.0,no,Day,2022.0,12,19,Monday,51,14.0,30.0,12-18,2,Vehicle to Vehicle,False,5,Head On Collision,False,3,Car/Jeep/Taxi,False,3,Car/Jeep/Taxi,False,0,0,Minor