Sl No,NO OF ACCIDENT REPORTED ON THIS CORRIDOR UNDER JURISDICTION,FIR NO,Latitude,Longitude,Distance,NO. OF VEHICLE,Date,DAY OF THE WEEK,Month of the year,Year of Accident,Time,D/N,PATTERN OF COLLISION,TYPE OF COLLISION,TYPE OF VEHICLE-1,TYPE OF VEHICLE-2,FATAL,GRIEVOUS,MINOR,SEVERITY,GEOMETRY,PRESENCE OF MEDIAN,PRESENCE OF SHOULDER,PRESENCE OF FOOTPATH,SIDE ROAD,JN/NOT,day_night_label,year,month_num,day,day_of_week,week_of_year,hour,minute,time_bucket,PATTERN_OF_COLLISION_CODE,PATTERN_OF_COLLISION_LABEL,PATTERN_OF_COLLISION_UNKNOWN,TYPE_OF_COLLISION_CODE,TYPE_OF_COLLISION_LABEL,TYPE_OF_COLLISION_UNKNOWN,TYPE_OF_VEHICLE_1_CODE,TYPE_OF_VEHICLE_1_LABEL,TYPE_OF_VEHICLE_1_UNKNOWN,TYPE_OF_VEHICLE_2_CODE,TYPE_OF_VEHICLE_2_LABEL,TYPE_OF_VEHICLE_2_UNKNOWN,is_weekend,is_night,severity_target
834.0,Kottarakkara,5/2023,9.05152413118688,76.770723019239,64.8,2.0,2022-11-30,Wednesday,November,2022,19.0,N,2.0,5,3.0,2.0,0.0,1.0,2.0,G,curve,no,yes,no,1.0,no,Night,2022.0,11,30,Wednesday,48,19.0,0.0,18-24,2,Vehicle to Vehicle,False,5,Head On Collision,False,3,Car/Jeep/Taxi,False,2,Passenger Auto,False,0,1,Grievous
835.0,Kottarakkara,7/2023,8.98201448392993,76.8092649420323,54.4,2.0,2022-12-27,Tuesday,December,2022,19.0,N,2.0,2,3.0,1.0,1.0,0.0,1.0,F,straight,no,yes,no,0.0,no,Night,2022.0,12,27,Tuesday,52,19.0,0.0,18-24,2,Vehicle to Vehicle,False,2,Hit from Side,False,3,Car/Jeep/Taxi,False,1,Motorised Two-Wheeler,False,0,1,Fatal
836.0,Kottarakkara,14/2023,8.972964,76.826219,52.1,2.0,2022-12-14,Wednesday,December,2022,21.0,N,2.0,1,1.0,1.0,0.0,1.0,0.0,G,straight,no,yes,no,0.0,no,Night,2022.0,12,14,Wednesday,50,21.0,0.0,18-24,2,Vehicle to Vehicle,False,1,Hit from Back,False,1,Motorised Two-Wheeler,False,1,Motorised Two-Wheeler,False,0,1,Grievous
837.0,Kottarakkara,15/2023,8.91657285467795,76.8536886552141,44.2,2.0,2022-12-20,Tuesday,December,2022,14.46,D,2.0,1,4.0,3.0,0.0,1.0,0.0,G,curve,no,yes,no,0.0,no,Day,2022.0,12,20,Tuesday,51,14.0,46.0,12-18,2,Vehicle to Vehicle,False,1,Hit from Back,False,4,Bus,False,3,Car/Jeep/Taxi,False,0,0,Grievous
838.0,Kottarakkara,54/2023,8.91501307746147,76.8532128275858,44.0,3.0,2023-12-06,Wednesday,December,2023,10.3,N,2.0,1,3.0,2.0,0.0,1.0,0.0,G,curve,no,yes,no,0.0,no,Night,2023.0,12,6,Wednesday,49,10.0,30.0,6-12,2,Vehicle to Vehicle,False,1,Hit from Back,False,3,Car/Jeep/Taxi,False,2,Passenger Auto,False,0,1,Grievous
839.0,Kottarakkara,56/2023,8.93608092918996,76.8508500299565,46.6,2.0,2022-12-02,Friday,December,2022,14.0,D,2.0,2,3.0,1.0,0.0,1.0,1.0,G,curve,no,yes,no,2.0,no,Day,2022.0,12,2,Friday,48,14.0,0.0,12-18,2,Vehicle to Vehicle,False,2,Hit from Side,False,3,Car/Jeep/Taxi,False,1,Motorised Two-Wheeler,False,0,0,Grievous
840.0,Kottarakkara,85/2023,8.96408681329124,76.8341120870288,50.5,2.0,2023-01-01,Sunday,January,2023,21.0,N,2.0,1,1.0,8.0,0.0,1.0,0.0,G,straight,no,yes,no,0.0,no,Night,2023.0,1,1,Sunday,52,21.0,0.0,18-24,2,Vehicle to Vehicle,False,1,Hit from Back,False,1,Motorised Two-Wheeler,False,8,Truck/Lorry,False,1,1,Grievous
841.0,Kottarakkara,125/2023,9.02451608728795,76.7847506076879,61.2,2.0,2023-01-12,Thursday,January,2023,19.45,N,2.0,2,7.0,1.0,0.0,0.0,1.0,M,curve,no,yes,no,2.0,no,Night,2023.0,1,12,Thursday,2,19.0,45.0,18-24,2,Vehicle to Vehicle,False,2,Hit from Side,False,7,Goods LCV/Goods Tempo/Mini Lorry/Mini Truck,False,1,Motorised Two-Wheeler,False,0,1,Minor
842.0,Kottarakkara,126/2023,8.99950079146386,76.7820745985348,58.3,2.0,2023-01-03,Tuesday,January,2023,9.3,D,2.0,7,2.0,1.0,0.0,1.0,0.0,G,curve,no,yes,no,1.0,no,Day,2023.0,1,3,Tuesday,1,9.0,30.0,6-12,2,Vehicle to Vehicle,False,7,Side Swipe,False,2,Passenger Auto,False,1,Motorised Two-Wheeler,False,0,0,Grievous
843.0,Kottarakkara,150/2023,8.96316663107945,76.8356836682329,50.3,1.0,2023-01-16,Monday,January,2023,10.45,D,3.0,8,1.0,11.0,1.0,0.0,0.0,F,straight,no,yes,no,0.0,yes,Day,2023.0,1,16,Monday,3,10.0,45.0,6-12,3,Vehicle to Pedestrian,False,8,Hit Pedestrian,False,1,Motorised Two-Wheeler,False,11,Pedestrian,False,0,0,Fatal
844.0,Kottarakkara,185/2023,9.00562657170557,76.7831406080853,59.0,2.0,2022-08-13,Saturday,August,2022,8.1,D,2.0,2,3.0,1.0,0.0,1.0,1.0,G,curve,no,yes,no,2.0,no,Day,2022.0,8,13,Saturday,32,8.0,10.0,6-12,2,Vehicle to Vehicle,False,2,Hit from Side,False,3,Car/Jeep/Taxi,False,1,Motorised Two-Wheeler,False,1,0,Grievous
845.0,Kottarakkara,215/2023,8.96331231327326,76.8346569475093,50.4,2.0,2023-01-18,Wednesday,January,2023,10.0,D,2.0,2,8.0,1.0,0.0,1.0,0.0,G,curve,no,yes,yes,0.0,yes,Day,2023.0,1,18,Wednesday,3,10.0,0.0,6-12,2,Vehicle to Vehicle,False,2,Hit from Side,False,8,Truck/Lorry,False,1,Motorised Two-Wheeler,False,0,0,Grievous
846.0,Kottarakkara,239/2023,9.03999189325785,76.7748760422069,63.4,2.0,2023-01-26,Thursday,January,2023,11.4,D,2.0,5,4.0,1.0,0.0,1.0,0.0,G,curve,no,yes,no,1.0,no,Day,2023.0,1,26,Thursday,4,11.0,40.0,6-12,2,Vehicle to Vehicle,False,5,Head On Collision,False,4,Bus,False,1,Motorised Two-Wheeler,False,0,0,Grievous
847.0,Kottarakkara,254/2023,8.93847962765251,76.8499817033497,46.9,2.0,2023-01-24,Tuesday,January,2023,9.45,D,2.0,5,3.0,3.0,0.0,2.0,0.0,G,straight,no,yes,no,0.0,no,Day,2023.0,1,24,Tuesday,4,9.0,45.0,6-12,2,Vehicle to Vehicle,False,5,Head On Collision,False,3,Car/Jeep/Taxi,False,3,Car/Jeep/Taxi,False,0,0,Grievous
848.0,Kottarakkara,348/2023,8.938546,76.849936,46.9,2.0,2023-02-05,Sunday,February,2023,11.0,D,2.0,7,3.0,1.0,0.0,1.0,0.0,G,straight,no,yes,yes,0.0,yes,Day,2023.0,2,5,Sunday,5,11.0,0.0,6-12,2,Vehicle to Vehicle,False,7,Side Swipe,False,3,Car/Jeep/Taxi,False,1,Motorised Two-Wheeler,False,1,0,Grievous
849.0,Kottarakkara,399/2023,8.99945778879003,76.782112306354,58.3,1.0,2023-02-10,Friday,February,2023,15.15,D,3.0,8,1.0,11.0,0.0,1.0,0.0,G,straight,no,yes,yes,0.0,yes,Day,2023.0,2,10,Friday,6,15.0,15.0,12-18,3,Vehicle to Pedestrian,False,8,Hit Pedestrian,False,1,Motorised Two-Wheeler,False,11,Pedestrian,False,0,0,Grievous
850.0,Kottarakkara,412/2023,8.995068,76.786053,57.6,2.0,2023-02-02,Thursday,February,2023,13.0,D,2.0,5,3.0,2.0,0.0,1.0,0.0,G,straight,no,yes,no,0.0,yes,Day,2023.0,2,2,Thursday,5,13.0,0.0,12-18,2,Vehicle to Vehicle,False,5,Head On Collision,False,3,Car/Jeep/Taxi,False,2,Passenger Auto,False,0,0,Grievous
851.0,Kottarakkara,504/2023,9.028756,76.783752,61.7,1.0,2023-02-19,Sunday,February,2023,8.0,D,2.0,4,2.0,0.0,0.0,1.0,2.0,G,curve,no,yes,no,1.0,no,Day,2023.0,2,19,Sunday,7,8.0,0.0,6-12,2,Vehicle to Vehicle,False,4,Vehicle Overturn/Skidding,False,2,Passenger Auto,False,0,Unknown/Out-of-master,True,1,0,Grievous
852.0,Kottarakkara,518/2023,8.99945778879003,76.782112306354,58.3,1.0,2023-02-13,Monday,February,2023,11.3,D,1.0,4,1.0,0.0,0.0,1.0,0.0,G,curve,no,yes,yes,1.0,no,Day,2023.0,2,13,Monday,7,11.0,30.0,6-12,1,Single Vehicle,False,4,Vehicle Overturn/Skidding,False,1,Motorised Two-Wheeler,False,0,Unknown/Out-of-master,True,0,0,Grievous
853.0,Kottarakkara,536/2023,8.91488515243851,76.8531836918402,44.0,2.0,2023-02-25,Saturday,February,2023,23.45,N,2.0,5,7.0,1.0,1.0,0.0,0.0,F,straight,no,yes,no,0.0,yes,Night,2023.0,2,25,Saturday,8,23.0,45.0,18-24,2,Vehicle to Vehicle,False,5,Head On Collision,False,7,Goods LCV/Goods Tempo/Mini Lorry/Mini Truck,False,1,Motorised Two-Wheeler,False,1,1,Fatal
854.0,Kottarakkara,594/2023,8.99492912545326,76.7865368697635,57.5,2.0,2023-03-04,Saturday,March,2023,12.0,D,2.0,10,8.0,1.0,0.0,1.0,0.0,G,curve,no,yes,no,2.0,no,Day,2023.0,3,4,Saturday,9,12.0,0.0,12-18,2,Vehicle to Vehicle,False,10,Not Known,False,8,Truck/Lorry,False,1,Motorised Two-Wheeler,False,1,0,Grievous
855.0,Kottarakkara,620/2023,8.99464850487978,76.7907635540177,57.1,13.0,2023-02-06,Monday,February,2023,17.0,D,7.0,8,3.0,11.0,0.0,0.0,2.0,M,straight,no,yes,no,1.0,no,Day,2023.0,2,6,Monday,6,17.0,0.0,12-18,7,Hit Fixed/Stationary Object,False,8,Hit Pedestrian,False,3,Car/Jeep/Taxi,False,11,Pedestrian,False,0,0,Minor
856.0,Kottarakkara,633/2023,8.99945778879003,76.782112306354,58.3,1.0,2023-02-23,Thursday,February,2023,16.3,D,3.0,8,1.0,11.0,0.0,1.0,0.0,G,curve,no,yes,no,0.0,no,Day,2023.0,2,23,Thursday,8,16.0,30.0,12-18,3,Vehicle to Pedestrian,False,8,Hit Pedestrian,False,1,Motorised Two-Wheeler,False,11,Pedestrian,False,0,0,Grievous
857.0,Kottarakkara,635/2023,8.989742,76.799903,55.8,2.0,2023-02-28,Tuesday,February,2023,9.03,D,2.0,5,3.0,1.0,0.0,1.0,0.0,G,straight,no,yes,no,0.0,yes,Day,2023.0,2,28,Tuesday,9,9.0,3.0,6-12,2,Vehicle to Vehicle,False,5,Head On Collision,False,3,Car/Jeep/Taxi,False,1,Motorised Two-Wheeler,False,0,0,Grievous
858.0,Kottarakkara,715/2023,9.05713999290122,76.7686514676754,65.5,2.0,2023-03-06,Monday,March,2023,9.0,D,2.0,1,1.0,1.0,0.0,1.0,0.0,G,straight,no,yes,no,1.0,no,Day,2023.0,3,6,Monday,10,9.0,0.0,6-12,2,Vehicle to Vehicle,False,1,Hit from Back,False,1,Motorised Two-Wheeler,False,1,Motorised Two-Wheeler,False,0,0,Grievous
859.0,Kottarakkara,720/2023,9.05378137992352,76.7699062966032,65.1,1.0,2023-03-08,Wednesday,March,2023,19.15,N,3.0,8,1.0,11.0,0.0,1.0,0.0,G,straight,no,yes,no,0.0,no,Night,2023.0,3,8,Wednesday,10,19.0,15.0,18-24,3,Vehicle to Pedestrian,False,8,Hit Pedestrian,False,1,Motorised Two-Wheeler,False,11,Pedestrian,False,0,1,Grievous
860.0,Kottarakkara,772/2023,8.91757236749273,76.8542793650312,44.4,2.0,2023-03-23,Thursday,March,2023,9.3,D,2.0,10,1.0,1.0,0.0,1.0,0.0,G,straight,no,yes,yes,1.0,no,Day,2023.0,3,23,Thursday,12,9.0,30.0,6-12,2,Vehicle to Vehicle,False,10,Not Known,False,1,Motorised Two-Wheeler,False,1,Motorised Two-Wheeler,False,0,0,Grievous
861.0,Kottarakkara,828/2023,8.99945778879003,76.782112306354,58.3,2.0,2023-03-31,Friday,March,2023,9.15,D,2.0,1,1.0,10.0,0.0,1.0,0.0,G,curve,no,yes,no,1.0,no,Day,2023.0,3,31,Friday,13,9.0,15.0,6-12,2,Vehicle to Vehicle,False,1,Hit from Back,False,1,Motorised Two-Wheeler,False,10,Bicycle,False,0,0,Grievous
862.0,Kottarakkara,895/2023,9.02564144971796,76.7844608464821,61.3,2.0,2023-04-03,Monday,April,2023,15.0,D,2.0,1,8.0,1.0,0.0,1.0,0.0,G,curve,no,yes,no,1.0,no,Day,2023.0,4,3,Monday,14,15.0,0.0,12-18,2,Vehicle to Vehicle,False,1,Hit from Back,False,8,Truck/Lorry,False,1,Motorised Two-Wheeler,False,0,0,Grievous
863.0,Kottarakkara,927/2023,8.97285552697191,76.8255702699549,52.2,1.0,2023-04-08,Saturday,April,2023,10.3,D,7.0,11,3.0,0.0,0.0,2.0,1.0,G,straight,no,yes,no,0.0,yes,Day,2023.0,4,8,Saturday,14,10.0,30.0,6-12,7,Hit Fixed/Stationary Object,False,11,Others (Specify),False,3,Car/Jeep/Taxi,False,0,Unknown/Out-of-master,True,1,0,Grievous
864.0,Kottarakkara,973/2023,9.05477502340923,76.7695076207291,65.2,2.0,2023-04-16,Sunday,April,2023,21.3,N,2.0,1,3.0,1.0,1.0,1.0,0.0,F,straight,no,yes,no,1.0,no,Night,2023.0,4,16,Sunday,15,21.0,30.0,18-24,2,Vehicle to Vehicle,False,1,Hit from Back,False,3,Car/Jeep/Taxi,False,1,Motorised Two-Wheeler,False,1,1,Fatal
865.0,Kottarakkara,1011/2023,9.028782138252,76.7837165053608,61.7,2.0,2023-04-19,Wednesday,April,2023,12.3,D,2.0,5,3.0,3.0,0.0,2.0,0.0,G,straight,no,yes,yes,1.0,no,Day,2023.0,4,19,Wednesday,16,12.0,30.0,12-18,2,Vehicle to Vehicle,False,5,Head On Collision,False,3,Car/Jeep/Taxi,False,3,Car/Jeep/Taxi,False,0,0,Grievous
866.0,Kottarakkara,1076/2023,8.96736552168613,76.8319018519003,51.0,2.0,2023-04-17,Monday,April,2023,10.0,D,2.0,2,1.0,1.0,0.0,1.0,0.0,G,straight,no,yes,yes,1.0,no,Day,2023.0,4,17,Monday,16,10.0,0.0,6-12,2,Vehicle to Vehicle,False,2,Hit from Side,False,1,Motorised Two-Wheeler,False,1,Motorised Two-Wheeler,False,0,0,Grievous
867.0,Kottarakkara,1077/2023,8.94712782092423,76.8466939920216,47.9,2.0,2022-01-21,Friday,January,2022,8.5,D,2.0,10,1.0,1.0,0.0,1.0,0.0,G,curve,no,yes,yes,1.0,no,Day,2022.0,1,21,Friday,3,8.0,50.0,6-12,2,Vehicle to Vehicle,False,10,Not Known,False,1,Motorised Two-Wheeler,False,1,Motorised Two-Wheeler,False,0,0,Grievous
868.0,Kottarakkara,1096/2023,8.9229137529184,76.8536292818478,45.0,2.0,2023-04-21,Friday,April,2023,10.0,D,2.0,1,3.0,1.0,0.0,1.0,0.0,G,curve,no,yes,yes,0.0,no,Day,2023.0,4,21,Friday,16,10.0,0.0,6-12,2,Vehicle to Vehicle,False,1,Hit from Back,False,3,Car/Jeep/Taxi,False,1,Motorised Two-Wheeler,False,0,0,Grievous
869.0,Kottarakkara,1122/2023,9.01834329478173,76.7843010968134,60.5,2.0,2023-04-25,Tuesday,April,2023,10.15,D,2.0,5,3.0,1.0,0.0,2.0,0.0,G,curve,no,yes,no,1.0,no,Day,2023.0,4,25,Tuesday,17,10.0,15.0,6-12,2,Vehicle to Vehicle,False,5,Head On Collision,False,3,Car/Jeep/Taxi,False,1,Motorised Two-Wheeler,False,0,0,Grievous
870.0,Kottarakkara,1123/2023,9.00424,76.78329,58.9,2.0,2023-04-25,Tuesday,April,2023,7.3,D,3.0,8,2.0,11.0,0.0,1.0,0.0,G,curve,no,yes,no,1.0,no,Day,2023.0,4,25,Tuesday,17,7.0,30.0,6-12,3,Vehicle to Pedestrian,False,8,Hit Pedestrian,False,2,Passenger Auto,False,11,Pedestrian,False,0,0,Grievous
871.0,Kottarakkara,1141/2023,8.95211783359864,76.8444270151829,48.6,3.0,2023-04-30,Sunday,April,2023,16.15,D,3.0,8,3.0,11.0,0.0,1.0,0.0,G,curve,no,yes,yes,0.0,no,Day,2023.0,4,30,Sunday,17,16.0,15.0,12-18,3,Vehicle to Pedestrian,False,8,Hit Pedestrian,False,3,Car/Jeep/Taxi,False,11,Pedestrian,False,1,0,Grievous
872.0,Kottarakkara,1190/2023,8.98415123731008,76.8056942549732,54.9,2.0,2023-05-04,Thursday,May,2023,8.3,D,2.0,5,4.0,1.0,0.0,1.0,0.0,G,curve,no,yes,no,2.0,no,Day,2023.0,5,4,Thursday,18,8.0,30.0,6-12,2,Vehicle to Vehicle,False,5,Head On Collision,False,4,Bus,False,1,Motorised Two-Wheeler,False,0,0,Grievous
873.0,Kottarakkara,1191/2023,8.992617857092,76.7931806469821,56.7,2.0,2023-05-06,Saturday,May,2023,9.15,D,2.0,6,3.0,1.0,0.0,2.0,0.0,G,straight,no,yes,no,0.0,no,Day,2023.0,5,6,Saturday,18,9.0,15.0,6-12,2,Vehicle to Vehicle,False,6,Hit and Run,False,3,Car/Jeep/Taxi,False,1,Motorised Two-Wheeler,False,1,0,Grievous
874.0,Kottarakkara,1201/2023,8.95737800249489,76.8426490963084,49.2,2.0,2023-05-01,Monday,May,2023,7.45,D,2.0,5,3.0,1.0,0.0,1.0,0.0,G,straight,no,yes,no,1.0,no,Day,2023.0,5,1,Monday,18,7.0,45.0,6-12,2,Vehicle to Vehicle,False,5,Head On Collision,False,3,Car/Jeep/Taxi,False,1,Motorised Two-Wheeler,False,0,0,Grievous
875.0,Kottarakkara,1221/2023,8.992617857092,76.7931806469821,56.7,2.0,2023-05-08,Monday,May,2023,13.35,D,2.0,2,3.0,3.0,0.0,0.0,1.0,M,curve,no,yes,yes,1.0,no,Day,2023.0,5,8,Monday,19,13.0,35.0,12-18,2,Vehicle to Vehicle,False,2,Hit from Side,False,3,Car/Jeep/Taxi,False,3,Car/Jeep/Taxi,False,0,0,Minor
876.0,Kottarakkara,1235/2023,8.96404578030079,76.8341066014982,50.5,2.0,2023-05-14,Sunday,May,2023,15.3,D,2.0,5,3.0,1.0,1.0,0.0,1.0,F,straight,no,yes,no,1.0,no,Day,2023.0,5,14,Sunday,19,15.0,30.0,12-18,2,Vehicle to Vehicle,False,5,Head On Collision,False,3,Car/Jeep/Taxi,False,1,Motorised Two-Wheeler,False,1,0,Fatal
877.0,Kottarakkara,1268/2023,8.99506,76.786071,57.6,1.0,2023-03-31,Friday,March,2023,12.0,D,3.0,8,1.0,11.0,0.0,0.0,1.0,M,curve,no,yes,no,2.0,no,Day,2023.0,3,31,Friday,13,12.0,0.0,12-18,3,Vehicle to Pedestrian,False,8,Hit Pedestrian,False,1,Motorised Two-Wheeler,False,11,Pedestrian,False,0,0,Minor
878.0,Kottarakkara,1306/2023,8.938460213391,76.8499731044482,46.9,2.0,2023-05-18,Thursday,May,2023,15.3,D,2.0,1,3.0,1.0,0.0,1.0,0.0,G,curve,no,yes,no,1.0,no,Day,2023.0,5,18,Thursday,20,15.0,30.0,12-18,2,Vehicle to Vehicle,False,1,Hit from Back,False,3,Car/Jeep/Taxi,False,1,Motorised Two-Wheeler,False,0,0,Grievous
879.0,Kottarakkara,1310/2023,8.98457587418307,76.8040143999774,55.1,2.0,2023-05-08,Monday,May,2023,18.0,D,2.0,1,7.0,1.0,0.0,1.0,0.0,G,curve,no,yes,no,0.0,no,Day,2023.0,5,8,Monday,19,18.0,0.0,18-24,2,Vehicle to Vehicle,False,1,Hit from Back,False,7,Goods LCV/Goods Tempo/Mini Lorry/Mini Truck,False,1,Motorised Two-Wheeler,False,0,0,Grievous
880.0,Kottarakkara,1316/2023,8.98457587418307,76.8040143999774,55.1,1.0,2023-05-20,Saturday,May,2023,9.0,D,3.0,8,1.0,11.0,0.0,1.0,0.0,G,straight,no,yes,yes,0.0,yes,Day,2023.0,5,20,Saturday,20,9.0,0.0,6-12,3,Vehicle to Pedestrian,False,8,Hit Pedestrian,False,1,Motorised Two-Wheeler,False,11,Pedestrian,False,1,0,Grievous
881.0,Kottarakkara,1320/2023,8.96735575315579,76.8318785012763,51.0,2.0,2023-05-23,Tuesday,May,2023,21.3,N,2.0,5,3.0,1.0,0.0,1.0,1.0,G,straight,no,yes,yes,0.0,yes,Night,2023.0,5,23,Tuesday,21,21.0,30.0,18-24,2,Vehicle to Vehicle,False,5,Head On Collision,False,3,Car/Jeep/Taxi,False,1,Motorised Two-Wheeler,False,0,1,Grievous
882.0,Kottarakkara,1426/2023,8.95863185140032,76.8418887721745,49.4,2.0,2023-05-28,Sunday,May,2023,18.15,N,2.0,1,3.0,2.0,0.0,1.0,0.0,G,curve,no,yes,yes,0.0,no,Night,2023.0,5,28,Sunday,21,18.0,15.0,18-24,2,Vehicle to Vehicle,False,1,Hit from Back,False,3,Car/Jeep/Taxi,False,2,Passenger Auto,False,1,1,Grievous
883.0,Kottarakkara,1430/2023,9.005115836417,76.7832953103726,59.0,2.0,2023-05-30,Tuesday,May,2023,9.3,D,2.0,7,2.0,1.0,0.0,1.0,0.0,G,curve,no,yes,yes,0.0,no,Day,2023.0,5,30,Tuesday,22,9.0,30.0,6-12,2,Vehicle to Vehicle,False,7,Side Swipe,False,2,Passenger Auto,False,1,Motorised Two-Wheeler,False,0,0,Grievous
884.0,Kottarakkara,1446/2023,8.98415123731008,76.8056942549732,54.9,2.0,2023-06-02,Friday,June,2023,12.15,D,2.0,10,8.0,1.0,0.0,1.0,0.0,G,curve,no,yes,yes,0.0,yes,Day,2023.0,6,2,Friday,22,12.0,15.0,12-18,2,Vehicle to Vehicle,False,10,Not Known,False,8,Truck/Lorry,False,1,Motorised Two-Wheeler,False,0,0,Grievous
885.0,Kottarakkara,1447/2023,9.01025471155287,76.7839203020322,59.6,2.0,2023-04-16,Sunday,April,2023,18.3,N,3.0,8,3.0,11.0,0.0,1.0,0.0,G,straight,no,yes,no,0.0,no,Night,2023.0,4,16,Sunday,15,18.0,30.0,18-24,3,Vehicle to Pedestrian,False,8,Hit Pedestrian,False,3,Car/Jeep/Taxi,False,11,Pedestrian,False,1,1,Grievous
886.0,Kottarakkara,1464/2023,8.9238325076534,76.8539146613026,45.1,1.0,2023-06-07,Wednesday,June,2023,0.1,N,1.0,4,13.0,14.0,1.0,1.0,0.0,F,curve,no,yes,no,1.0,no,Night,2023.0,6,7,Wednesday,23,0.0,10.0,0-6,1,Single Vehicle,False,4,Vehicle Overturn/Skidding,False,13,Ambulance,False,14,Others (Specify),False,0,1,Fatal
887.0,Kottarakkara,1499/2023,8.9238325076534,76.8539146613026,45.1,2.0,2023-06-07,Wednesday,June,2023,0.15,N,2.0,5,3.0,5.0,0.0,1.0,0.0,G,curve,no,yes,yes,2.0,no,Night,2023.0,6,7,Wednesday,23,0.0,15.0,0-6,2,Vehicle to Vehicle,False,5,Head On Collision,False,3,Car/Jeep/Taxi,False,5,Mini Bus/Passenger Tempo/Passenger Van,False,0,1,Grievous
888.0,Kottarakkara,1678/2023,9.03751443701438,76.7756503321672,63.1,2.0,2023-06-20,Tuesday,June,2023,20.0,N,2.0,5,1.0,1.0,0.0,1.0,0.0,G,curve,no,yes,yes,2.0,no,Night,2023.0,6,20,Tuesday,25,20.0,0.0,18-24,2,Vehicle to Vehicle,False,5,Head On Collision,False,1,Motorised Two-Wheeler,False,1,Motorised Two-Wheeler,False,0,1,Grievous
889.0,Kottarakkara,1682/2023,8.95205933678112,76.844482899326,48.5,1.0,2023-06-15,Thursday,June,2023,20.15,N,3.0,8,3.0,11.0,0.0,1.0,0.0,G,straight,no,yes,no,0.0,no,Night,2023.0,6,15,Thursday,24,20.0,15.0,18-24,3,Vehicle to Pedestrian,False,8,Hit Pedestrian,False,3,Car/Jeep/Taxi,False,11,Pedestrian,False,0,1,Grievous
890.0,Kottarakkara,1688/2023,9.00551361213089,76.7831876158086,59.0,2.0,2023-06-27,Tuesday,June,2023,12.3,D,2.0,7,1.0,1.0,0.0,1.0,0.0,G,straight,no,yes,no,0.0,no,Day,2023.0,6,27,Tuesday,26,12.0,30.0,12-18,2,Vehicle to Vehicle,False,7,Side Swipe,False,1,Motorised Two-Wheeler,False,1,Motorised Two-Wheeler,False,0,0,Grievous
891.0,Kottarakkara,1690/2023,8.99181192987698,76.7975712430373,56.2,1.0,2023-06-26,Monday,June,2023,8.15,D,3.0,8,3.0,11.0,0.0,1.0,0.0,G,curve,no,yes,yes,0.0,yes,Day,2023.0,6,26,Monday,26,8.0,15.0,6-12,3,Vehicle to Pedestrian,False,8,Hit Pedestrian,False,3,Car/Jeep/Taxi,False,11,Pedestrian,False,0,0,Grievous
892.0,Kottarakkara,1724/2023,8.94899940185925,76.8460284525891,48.2,1.0,2023-06-25,Sunday,June,2023,21.3,N,3.0,8,3.0,11.0,0.0,1.0,0.0,G,straight,no,yes,no,0.0,no,Night,2023.0,6,25,Sunday,25,21.0,30.0,18-24,3,Vehicle to Pedestrian,False,8,Hit Pedestrian,False,3,Car/Jeep/Taxi,False,11,Pedestrian,False,1,1,Grievous
893.0,Kottarakkara,1731/2023,9.049833,76.771821,64.6,2.0,2023-06-22,Thursday,June,2023,8.35,D,2.0,5,3.0,1.0,0.0,1.0,0.0,G,straight,no,yes,no,0.0,no,Day,2023.0,6,22,Thursday,25,8.0,35.0,6-12,2,Vehicle to Vehicle,False,5,Head On Collision,False,3,Car/Jeep/Taxi,False,1,Motorised Two-Wheeler,False,0,0,Grievous
894.0,Kottarakkara,1732/2023,9.04354093692098,76.7735709591315,63.9,2.0,2023-06-27,Tuesday,June,2023,20.3,N,2.0,1,8.0,3.0,0.0,1.0,0.0,G,straight,no,yes,no,1.0,no,Night,2023.0,6,27,Tuesday,26,20.0,30.0,18-24,2,Vehicle to Vehicle,False,1,Hit from Back,False,8,Truck/Lorry,False,3,Car/Jeep/Taxi,False,0,1,Grievous
895.0,Kottarakkara,1737/2023,9.02877615404554,76.783740342185,61.7,2.0,2023-07-01,Saturday,July,2023,9.45,D,2.0,1,3.0,1.0,0.0,1.0,0.0,G,straight,no,yes,yes,0.0,yes,Day,2023.0,7,1,Saturday,26,9.0,45.0,6-12,2,Vehicle to Vehicle,False,1,Hit from Back,False,3,Car/Jeep/Taxi,False,1,Motorised Two-Wheeler,False,1,0,Grievous
896.0,Kottarakkara,1748/2023,9.0054571847545,76.7831857412722,59.0,2.0,2023-07-12,Wednesday,July,2023,13.3,D,2.0,2,3.0,13.0,0.0,3.0,0.0,G,curve,no,yes,yes,1.0,no,Day,2023.0,7,12,Wednesday,28,13.0,30.0,12-18,2,Vehicle to Vehicle,False,2,Hit from Side,False,3,Car/Jeep/Taxi,False,13,Ambulance,False,0,0,Grievous