Sl No,NO OF ACCIDENT REPORTED ON THIS CORRIDOR UNDER JURISDICTION,FIR NO,Latitude,Longitude,Distance,NO. OF VEHICLE,Date,DAY OF THE WEEK,Month of the year,Year of Accident,Time,D/N,PATTERN OF COLLISION,TYPE OF COLLISION,TYPE OF VEHICLE-1,TYPE OF VEHICLE-2,FATAL,GRIEVOUS,MINOR,SEVERITY,GEOMETRY,PRESENCE OF MEDIAN,PRESENCE OF SHOULDER,PRESENCE OF FOOTPATH,SIDE ROAD,JN/NOT,day_night_label,year,month_num,day,day_of_week,week_of_year,hour,minute,time_bucket,PATTERN_OF_COLLISION_CODE,PATTERN_OF_COLLISION_LABEL,PATTERN_OF_COLLISION_UNKNOWN,TYPE_OF_COLLISION_CODE,TYPE_OF_COLLISION_LABEL,TYPE_OF_COLLISION_UNKNOWN,TYPE_OF_VEHICLE_1_CODE,TYPE_OF_VEHICLE_1_LABEL,TYPE_OF_VEHICLE_1_UNKNOWN,TYPE_OF_VEHICLE_2_CODE,TYPE_OF_VEHICLE_2_LABEL,TYPE_OF_VEHICLE_2_UNKNOWN,is_weekend,is_night,severity_target
897.0,Kottarakkara,1749/2023,8.95731081415325,76.8426459354983,49.2,1.0,2023-07-13,Thursday,July,2023,8.15,D,3.0,8,3.0,11.0,0.0,1.0,0.0,G,curve,no,yes,yes,0.0,yes,Day,2023.0,7,13,Thursday,28,8.0,15.0,6-12,3,Vehicle to Pedestrian,False,8,Hit Pedestrian,False,3,Car/Jeep/Taxi,False,11,Pedestrian,False,0,0,Grievous
898.0,Kottarakkara,1775/2023,9.05481258317036,76.7695038896449,65.2,2.0,2023-07-17,Monday,July,2023,5.15,N,2.0,1,3.0,1.0,1.0,1.0,0.0,F,curve,no,yes,yes,1.0,no,Night,2023.0,7,17,Monday,29,5.0,15.0,0-6,2,Vehicle to Vehicle,False,1,Hit from Back,False,3,Car/Jeep/Taxi,False,1,Motorised Two-Wheeler,False,0,1,Fatal
899.0,Kottarakkara,1811/2023,9.00087287013943,76.781704057838,58.4,2.0,2023-07-14,Friday,July,2023,15.0,D,2.0,5,3.0,1.0,0.0,1.0,0.0,G,straight,no,yes,yes,1.0,no,Day,2023.0,7,14,Friday,28,15.0,0.0,12-18,2,Vehicle to Vehicle,False,5,Head On Collision,False,3,Car/Jeep/Taxi,False,1,Motorised Two-Wheeler,False,0,0,Grievous
900.0,Kottarakkara,1835/2023,9.04044283647353,76.7745112799446,63.5,2.0,2023-07-14,Friday,July,2023,20.3,N,2.0,2,1.0,1.0,0.0,1.0,0.0,G,straight,no,yes,no,1.0,no,Night,2023.0,7,14,Friday,28,20.0,30.0,18-24,2,Vehicle to Vehicle,False,2,Hit from Side,False,1,Motorised Two-Wheeler,False,1,Motorised Two-Wheeler,False,0,1,Grievous
901.0,Kottarakkara,1904/2023,8.93847111485391,76.8499702071477,46.9,2.0,2023-07-09,Sunday,July,2023,9.0,D,2.0,2,1.0,1.0,0.0,1.0,0.0,G,straight,no,yes,no,1.0,no,Day,2023.0,7,9,Sunday,27,9.0,0.0,6-12,2,Vehicle to Vehicle,False,2,Hit from Side,False,1,Motorised Two-Wheeler,False,1,Motorised Two-Wheeler,False,1,0,Grievous
902.0,Kottarakkara,1909/2023,9.0052386072162,76.7832876183904,59.0,2.0,2023-07-20,Thursday,July,2023,14.0,D,2.0,2,2.0,4.0,0.0,1.0,0.0,G,straight,no,yes,yes,0.0,yes,Day,2023.0,7,20,Thursday,29,14.0,0.0,12-18,2,Vehicle to Vehicle,False,2,Hit from Side,False,2,Passenger Auto,False,4,Bus,False,0,0,Grievous
903.0,Kottarakkara,1968/2023,8.95731081415325,76.8426459354983,49.2,2.0,2023-08-08,Tuesday,August,2023,10.3,D,3.0,8,3.0,11.0,0.0,0.0,1.0,M,curve,no,yes,yes,0.0,yes,Day,2023.0,8,8,Tuesday,32,10.0,30.0,6-12,3,Vehicle to Pedestrian,False,8,Hit Pedestrian,False,3,Car/Jeep/Taxi,False,11,Pedestrian,False,0,0,Minor
904.0,Kottarakkara,2050/2023,9.0055100285709,76.7831942562937,59.0,2.0,2023-08-07,Monday,August,2023,14.3,D,2.0,2,5.0,1.0,0.0,1.0,0.0,G,curve,no,yes,yes,1.0,no,Day,2023.0,8,7,Monday,32,14.0,30.0,12-18,2,Vehicle to Vehicle,False,2,Hit from Side,False,5,Mini Bus/Passenger Tempo/Passenger Van,False,1,Motorised Two-Wheeler,False,0,0,Grievous
905.0,Kottarakkara,2060/2023,8.96329079827201,76.8347929428664,50.4,2.0,2023-08-23,Wednesday,August,2023,9.0,D,2.0,5,4.0,1.0,0.0,0.0,3.0,M,curve,no,yes,yes,0.0,yes,Day,2023.0,8,23,Wednesday,34,9.0,0.0,6-12,2,Vehicle to Vehicle,False,5,Head On Collision,False,4,Bus,False,1,Motorised Two-Wheeler,False,0,0,Minor
906.0,Kottarakkara,2078/2023,9.05267202223723,76.7701739208863,65.0,2.0,2023-08-20,Sunday,August,2023,18.0,D,2.0,7,3.0,1.0,0.0,1.0,1.0,G,curve,no,yes,no,1.0,no,Day,2023.0,8,20,Sunday,33,18.0,0.0,18-24,2,Vehicle to Vehicle,False,7,Side Swipe,False,3,Car/Jeep/Taxi,False,1,Motorised Two-Wheeler,False,1,0,Grievous
907.0,Kottarakkara,2092/2023,8.98415123731008,76.8056942549732,54.9,1.0,2023-08-28,Monday,August,2023,14.0,D,3.0,8,5.0,11.0,1.0,1.0,0.0,F,straight,no,yes,yes,0.0,no,Day,2023.0,8,28,Monday,35,14.0,0.0,12-18,3,Vehicle to Pedestrian,False,8,Hit Pedestrian,False,5,Mini Bus/Passenger Tempo/Passenger Van,False,11,Pedestrian,False,0,0,Fatal
908.0,Kottarakkara,2114/2023,9.0547711611426,76.7695186282658,65.2,1.0,2023-08-26,Saturday,August,2023,23.5,N,7.0,11,3.0,0.0,0.0,1.0,0.0,G,straight,no,yes,no,0.0,no,Night,2023.0,8,26,Saturday,34,23.0,50.0,18-24,7,Hit Fixed/Stationary Object,False,11,Others (Specify),False,3,Car/Jeep/Taxi,False,0,Unknown/Out-of-master,True,1,1,Grievous
909.0,Kottarakkara,2152/2023,9.05477587103648,76.7694876995222,65.2,2.0,2023-09-05,Tuesday,September,2023,22.0,N,2.0,10,7.0,3.0,1.0,2.0,2.0,F,straight,no,yes,yes,1.0,no,Night,2023.0,9,5,Tuesday,36,22.0,0.0,18-24,2,Vehicle to Vehicle,False,10,Not Known,False,7,Goods LCV/Goods Tempo/Mini Lorry/Mini Truck,False,3,Car/Jeep/Taxi,False,0,1,Fatal
910.0,Kottarakkara,2156/2023,9.04047979432462,76.7745063296006,63.5,2.0,2023-08-21,Monday,August,2023,19.3,N,2.0,5,3.0,1.0,0.0,1.0,0.0,G,straight,no,yes,yes,1.0,no,Night,2023.0,8,21,Monday,34,19.0,30.0,18-24,2,Vehicle to Vehicle,False,5,Head On Collision,False,3,Car/Jeep/Taxi,False,1,Motorised Two-Wheeler,False,0,1,Grievous
911.0,Kottarakkara,2174/2023,9.0045188,76.7833447,58.9,2.0,2023-09-01,Friday,September,2023,15.45,D,2.0,2,1.0,1.0,0.0,0.0,2.0,M,straight,no,yes,no,1.0,no,Day,2023.0,9,1,Friday,35,15.0,45.0,12-18,2,Vehicle to Vehicle,False,2,Hit from Side,False,1,Motorised Two-Wheeler,False,1,Motorised Two-Wheeler,False,0,0,Minor
912.0,Kottarakkara,2179/2023,9.00549504515636,76.7832102007205,59.0,2.0,2023-08-22,Tuesday,August,2023,17.0,D,2.0,1,4.0,1.0,0.0,1.0,0.0,G,curve,no,yes,yes,0.0,no,Day,2023.0,8,22,Tuesday,34,17.0,0.0,12-18,2,Vehicle to Vehicle,False,1,Hit from Back,False,4,Bus,False,1,Motorised Two-Wheeler,False,0,0,Grievous
913.0,Kottarakkara,2193/2023,8.93946246835859,76.8497942829505,47.0,2.0,2023-09-08,Friday,September,2023,16.0,D,2.0,5,3.0,1.0,0.0,1.0,0.0,G,curve,no,yes,yes,0.0,yes,Day,2023.0,9,8,Friday,36,16.0,0.0,12-18,2,Vehicle to Vehicle,False,5,Head On Collision,False,3,Car/Jeep/Taxi,False,1,Motorised Two-Wheeler,False,0,0,Grievous
914.0,Kottarakkara,2195/2023,8.98415123731008,76.8056942549732,54.9,2.0,2023-09-01,Friday,September,2023,13.3,D,2.0,2,2.0,1.0,0.0,1.0,0.0,G,straight,no,yes,yes,0.0,no,Day,2023.0,9,1,Friday,35,13.0,30.0,12-18,2,Vehicle to Vehicle,False,2,Hit from Side,False,2,Passenger Auto,False,1,Motorised Two-Wheeler,False,0,0,Grievous
915.0,Kottarakkara,2224/2023,8.95585579168481,76.8425964620855,49.0,2.0,2023-09-10,Sunday,September,2023,17.0,D,6.0,11,3.0,1.0,0.0,0.0,2.0,M,straight,no,yes,no,0.0,no,Day,2023.0,9,10,Sunday,36,17.0,0.0,12-18,6,Hit Standing/Parked Vehicle,False,11,Others (Specify),False,3,Car/Jeep/Taxi,False,1,Motorised Two-Wheeler,False,1,0,Minor
916.0,Kottarakkara,2232/2023,8.97886747034906,76.8133629296635,53.8,2.0,2023-09-09,Saturday,September,2023,19.0,N,2.0,5,1.0,3.0,0.0,0.0,1.0,M,straight,no,yes,yes,1.0,no,Night,2023.0,9,9,Saturday,36,19.0,0.0,18-24,2,Vehicle to Vehicle,False,5,Head On Collision,False,1,Motorised Two-Wheeler,False,3,Car/Jeep/Taxi,False,1,1,Minor
917.0,Kottarakkara,2265/2023,9.00424,76.78329,58.9,2.0,2023-09-19,Tuesday,September,2023,10.0,N,2.0,10,8.0,1.0,1.0,0.0,0.0,F,straight,no,yes,yes,0.0,no,Night,2023.0,9,19,Tuesday,38,10.0,0.0,6-12,2,Vehicle to Vehicle,False,10,Not Known,False,8,Truck/Lorry,False,1,Motorised Two-Wheeler,False,0,1,Fatal
918.0,Kottarakkara,2273/2023,9.02731798823135,76.7839353528266,61.5,2.0,2023-09-07,Thursday,September,2023,6.3,D,6.0,11,1.0,1.0,0.0,1.0,0.0,G,curve,no,yes,yes,0.0,no,Day,2023.0,9,7,Thursday,36,6.0,30.0,6-12,6,Hit Standing/Parked Vehicle,False,11,Others (Specify),False,1,Motorised Two-Wheeler,False,1,Motorised Two-Wheeler,False,0,0,Grievous
919.0,Kottarakkara,2297/2023,8.96329079827201,76.8347929428664,50.4,2.0,2023-09-23,Saturday,September,2023,8.3,D,2.0,1,7.0,1.0,0.0,1.0,0.0,G,straight,no,yes,yes,1.0,no,Day,2023.0,9,23,Saturday,38,8.0,30.0,6-12,2,Vehicle to Vehicle,False,1,Hit from Back,False,7,Goods LCV/Goods Tempo/Mini Lorry/Mini Truck,False,1,Motorised Two-Wheeler,False,1,0,Grievous
920.0,Kottarakkara,2305/2023,8.95212544311266,76.8444152027731,48.6,2.0,2023-09-23,Saturday,September,2023,21.15,N,2.0,1,3.0,1.0,0.0,1.0,0.0,G,curve,no,yes,no,1.0,no,Night,2023.0,9,23,Saturday,38,21.0,15.0,18-24,2,Vehicle to Vehicle,False,1,Hit from Back,False,3,Car/Jeep/Taxi,False,1,Motorised Two-Wheeler,False,1,1,Grievous
921.0,Kottarakkara,2323/2023,8.97270539556477,76.8241599732213,52.3,2.0,2023-09-29,Friday,September,2023,17.0,D,2.0,2,3.0,1.0,0.0,1.0,0.0,G,curve,no,yes,no,2.0,no,Day,2023.0,9,29,Friday,39,17.0,0.0,12-18,2,Vehicle to Vehicle,False,2,Hit from Side,False,3,Car/Jeep/Taxi,False,1,Motorised Two-Wheeler,False,0,0,Grievous
922.0,Kottarakkara,2330/2023,9.00551361213089,76.7831876158086,59.0,2.0,2023-09-29,Friday,September,2023,6.45,D,2.0,10,3.0,2.0,0.0,2.0,1.0,G,curve,no,yes,no,1.0,no,Day,2023.0,9,29,Friday,39,6.0,45.0,6-12,2,Vehicle to Vehicle,False,10,Not Known,False,3,Car/Jeep/Taxi,False,2,Passenger Auto,False,0,0,Grievous
923.0,Kottarakkara,2331/2023,8.914811,76.853164,44.0,2.0,2023-09-26,Tuesday,September,2023,12.0,D,2.0,5,6.0,1.0,0.0,0.0,2.0,M,curve,no,yes,yes,0.0,yes,Day,2023.0,9,26,Tuesday,39,12.0,0.0,12-18,2,Vehicle to Vehicle,False,5,Head On Collision,False,6,Goods Auto/Goods Pick-up Van,False,1,Motorised Two-Wheeler,False,0,0,Minor
924.0,Kottarakkara,2332/2023,8.919289,76.855219,44.6,2.0,2023-08-20,Sunday,August,2023,23.3,N,2.0,1,3.0,1.0,0.0,1.0,0.0,G,curve,no,yes,no,2.0,no,Night,2023.0,8,20,Sunday,33,23.0,30.0,18-24,2,Vehicle to Vehicle,False,1,Hit from Back,False,3,Car/Jeep/Taxi,False,1,Motorised Two-Wheeler,False,1,1,Grievous
925.0,Kottarakkara,2340/2023,8.932595,76.852516,46.2,2.0,2023-09-21,Thursday,September,2023,16.0,N,2.0,1,1.0,1.0,0.0,1.0,0.0,G,curve,no,yes,yes,0.0,yes,Night,2023.0,9,21,Thursday,38,16.0,0.0,12-18,2,Vehicle to Vehicle,False,1,Hit from Back,False,1,Motorised Two-Wheeler,False,1,Motorised Two-Wheeler,False,0,1,Grievous
926.0,Kottarakkara,2341/2023,8.9815195526724,76.8099269694315,54.3,2.0,2023-09-16,Saturday,September,2023,20.0,N,2.0,2,1.0,1.0,0.0,1.0,0.0,G,straight,no,yes,no,3.0,no,Night,2023.0,9,16,Saturday,37,20.0,0.0,18-24,2,Vehicle to Vehicle,False,2,Hit from Side,False,1,Motorised Two-Wheeler,False,1,Motorised Two-Wheeler,False,1,1,Grievous
927.0,Kottarakkara,2384/2023,8.93044110828898,76.8535583532113,45.9,1.0,2023-10-08,Sunday,October,2023,6.1,D,3.0,8,3.0,11.0,1.0,0.0,0.0,F,curve,no,yes,no,0.0,yes,Day,2023.0,10,8,Sunday,40,6.0,10.0,6-12,3,Vehicle to Pedestrian,False,8,Hit Pedestrian,False,3,Car/Jeep/Taxi,False,11,Pedestrian,False,1,0,Fatal
928.0,Kottarakkara,2394/2023,9.03848786841644,76.7755342181773,63.2,2.0,2023-09-30,Saturday,September,2023,20.1,N,2.0,5,1.0,1.0,0.0,1.0,0.0,G,curve,no,yes,yes,1.0,no,Night,2023.0,9,30,Saturday,39,20.0,10.0,18-24,2,Vehicle to Vehicle,False,5,Head On Collision,False,1,Motorised Two-Wheeler,False,1,Motorised Two-Wheeler,False,1,1,Grievous
929.0,Kottarakkara,2400/2023,8.95453191935183,76.8428415489293,48.9,2.0,2023-09-28,Thursday,September,2023,20.3,N,6.0,11,3.0,2.0,0.0,1.0,1.0,G,curve,no,yes,no,1.0,no,Night,2023.0,9,28,Thursday,39,20.0,30.0,18-24,6,Hit Standing/Parked Vehicle,False,11,Others (Specify),False,3,Car/Jeep/Taxi,False,2,Passenger Auto,False,0,1,Grievous
930.0,Kottarakkara,2401/2023,9.04521597133282,76.7737603909379,64.0,2.0,2023-09-14,Thursday,September,2023,12.45,D,2.0,2,2.0,1.0,0.0,1.0,0.0,G,straight,no,yes,yes,2.0,no,Day,2023.0,9,14,Thursday,37,12.0,45.0,12-18,2,Vehicle to Vehicle,False,2,Hit from Side,False,2,Passenger Auto,False,1,Motorised Two-Wheeler,False,0,0,Grievous
931.0,Kottarakkara,2408/2023,8.98155487064085,76.8098689266888,54.3,2.0,2023-10-10,Tuesday,October,2023,16.0,D,2.0,5,3.0,2.0,1.0,1.0,0.0,F,straight,no,yes,no,1.0,no,Day,2023.0,10,10,Tuesday,41,16.0,0.0,12-18,2,Vehicle to Vehicle,False,5,Head On Collision,False,3,Car/Jeep/Taxi,False,2,Passenger Auto,False,0,0,Fatal
932.0,Kottarakkara,2412/2023,8.99704837766281,76.783199286743,58.0,1.0,2023-09-23,Saturday,September,2023,19.3,N,3.0,8,1.0,11.0,0.0,1.0,0.0,G,curve,no,yes,no,0.0,yes,Night,2023.0,9,23,Saturday,38,19.0,30.0,18-24,3,Vehicle to Pedestrian,False,8,Hit Pedestrian,False,1,Motorised Two-Wheeler,False,11,Pedestrian,False,1,1,Grievous
933.0,Kottarakkara,2418/2023,8.90902892567991,76.8549520111833,43.4,2.0,2023-10-02,Monday,October,2023,20.0,N,2.0,1,1.0,1.0,0.0,1.0,0.0,G,curve,no,yes,no,2.0,no,Night,2023.0,10,2,Monday,40,20.0,0.0,18-24,2,Vehicle to Vehicle,False,1,Hit from Back,False,1,Motorised Two-Wheeler,False,1,Motorised Two-Wheeler,False,0,1,Grievous
934.0,Kottarakkara,2452/2023,8.99181192987698,76.7975712430373,56.2,2.0,2023-10-13,Friday,October,2023,16.3,D,2.0,10,3.0,1.0,0.0,1.0,0.0,G,curve,yes,yes,no,1.0,no,Day,2023.0,10,13,Friday,41,16.0,30.0,12-18,2,Vehicle to Vehicle,False,10,Not Known,False,3,Car/Jeep/Taxi,False,1,Motorised Two-Wheeler,False,0,0,Grievous
935.0,Kottarakkara,2456/2023,9.03848786841644,76.7755342181773,63.2,2.0,2023-10-15,Sunday,October,2023,0.1,N,2.0,5,3.0,3.0,0.0,1.0,3.0,G,straight,no,yes,no,0.0,no,Night,2023.0,10,15,Sunday,41,0.0,10.0,0-6,2,Vehicle to Vehicle,False,5,Head On Collision,False,3,Car/Jeep/Taxi,False,3,Car/Jeep/Taxi,False,1,1,Grievous
936.0,Kottarakkara,2458/2023,8.98415123731008,76.8056942549732,54.9,2.0,2023-10-20,Friday,October,2023,0.15,N,2.0,1,8.0,1.0,1.0,0.0,0.0,F,curve,no,yes,no,1.0,no,Night,2023.0,10,20,Friday,42,0.0,15.0,0-6,2,Vehicle to Vehicle,False,1,Hit from Back,False,8,Truck/Lorry,False,1,Motorised Two-Wheeler,False,0,1,Fatal
937.0,Kottarakkara,2459/2023,8.96316164315686,76.8357038481746,50.3,1.0,2023-10-18,Wednesday,October,2023,17.3,D,3.0,8,3.0,11.0,0.0,1.0,0.0,G,straight,no,yes,no,0.0,no,Day,2023.0,10,18,Wednesday,42,17.0,30.0,12-18,3,Vehicle to Pedestrian,False,8,Hit Pedestrian,False,3,Car/Jeep/Taxi,False,11,Pedestrian,False,0,0,Grievous
938.0,Kottarakkara,2485/2023,8.95443183558851,76.8428522147815,48.9,1.0,2023-10-24,Tuesday,October,2023,13.3,D,3.0,8,1.0,11.0,0.0,1.0,0.0,G,curve,no,yes,no,0.0,no,Day,2023.0,10,24,Tuesday,43,13.0,30.0,12-18,3,Vehicle to Pedestrian,False,8,Hit Pedestrian,False,1,Motorised Two-Wheeler,False,11,Pedestrian,False,0,0,Grievous
939.0,Kottarakkara,2487/2023,8.99945778879003,76.782112306354,58.3,2.0,2023-10-20,Friday,October,2023,13.3,D,2.0,2,3.0,1.0,0.0,0.0,1.0,M,straight,no,yes,yes,2.0,no,Day,2023.0,10,20,Friday,42,13.0,30.0,12-18,2,Vehicle to Vehicle,False,2,Hit from Side,False,3,Car/Jeep/Taxi,False,1,Motorised Two-Wheeler,False,0,0,Minor
940.0,Kottarakkara,2525/2023,8.97561357771869,76.81762177868,53.1,2.0,2023-10-31,Tuesday,October,2023,16.4,D,2.0,2,3.0,1.0,0.0,1.0,0.0,G,straight,no,yes,no,0.0,yes,Day,2023.0,10,31,Tuesday,44,16.0,40.0,12-18,2,Vehicle to Vehicle,False,2,Hit from Side,False,3,Car/Jeep/Taxi,False,1,Motorised Two-Wheeler,False,0,0,Grievous
941.0,Kottarakkara,2531/2023,9.04356408131957,76.7735839096505,63.9,2.0,2023-10-16,Monday,October,2023,15.45,D,2.0,1,3.0,1.0,0.0,1.0,0.0,G,curve,no,yes,no,0.0,no,Day,2023.0,10,16,Monday,42,15.0,45.0,12-18,2,Vehicle to Vehicle,False,1,Hit from Back,False,3,Car/Jeep/Taxi,False,1,Motorised Two-Wheeler,False,0,0,Grievous
942.0,Kottarakkara,2544/2023,9.005521,76.783228,59.0,2.0,2023-11-01,Wednesday,November,2023,14.3,D,2.0,5,3.0,3.0,0.0,0.0,3.0,M,straight,no,yes,yes,0.0,yes,Day,2023.0,11,1,Wednesday,44,14.0,30.0,12-18,2,Vehicle to Vehicle,False,5,Head On Collision,False,3,Car/Jeep/Taxi,False,3,Car/Jeep/Taxi,False,0,0,Minor
943.0,Kottarakkara,2549/2023,8.98521401828167,76.8023571999524,55.3,2.0,2023-11-04,Saturday,November,2023,13.3,D,2.0,10,3.0,3.0,1.0,4.0,2.0,F,curve,no,yes,yes,0.0,yes,Day,2023.0,11,4,Saturday,44,13.0,30.0,12-18,2,Vehicle to Vehicle,False,10,Not Known,False,3,Car/Jeep/Taxi,False,3,Car/Jeep/Taxi,False,1,0,Fatal
944.0,Kottarakkara,2557/2023,9.05023564649296,76.7715868439541,64.7,2.0,2023-10-16,Monday,October,2023,11.0,D,2.0,2,1.0,1.0,0.0,1.0,0.0,G,straight,no,yes,yes,1.0,no,Day,2023.0,10,16,Monday,42,11.0,0.0,6-12,2,Vehicle to Vehicle,False,2,Hit from Side,False,1,Motorised Two-Wheeler,False,1,Motorised Two-Wheeler,False,0,0,Grievous
945.0,Kottarakkara,2574/2023,9.0063602800244,76.7832142568151,59.1,1.0,2023-10-06,Friday,October,2023,20.3,N,3.0,8,1.0,11.0,0.0,1.0,0.0,G,straight,no,yes,yes,1.0,no,Night,2023.0,10,6,Friday,40,20.0,30.0,18-24,3,Vehicle to Pedestrian,False,8,Hit Pedestrian,False,1,Motorised Two-Wheeler,False,11,Pedestrian,False,0,1,Grievous
946.0,Kottarakkara,2581/2023,8.919289,76.855219,44.6,2.0,2023-11-04,Saturday,November,2023,18.3,N,6.0,11,3.0,1.0,0.0,1.0,0.0,G,straight,no,yes,yes,1.0,no,Night,2023.0,11,4,Saturday,44,18.0,30.0,18-24,6,Hit Standing/Parked Vehicle,False,11,Others (Specify),False,3,Car/Jeep/Taxi,False,1,Motorised Two-Wheeler,False,1,1,Grievous
947.0,Kottarakkara,2582/2023,9.02630935198478,76.7842053413588,61.4,1.0,2023-10-05,Thursday,October,2023,9.0,D,3.0,8,3.0,11.0,0.0,1.0,0.0,G,curve,no,yes,yes,0.0,yes,Day,2023.0,10,5,Thursday,40,9.0,0.0,6-12,3,Vehicle to Pedestrian,False,8,Hit Pedestrian,False,3,Car/Jeep/Taxi,False,11,Pedestrian,False,0,0,Grievous
948.0,Kottarakkara,2604/2023,8.9734379237715,76.8277860414882,51.9,2.0,2023-11-02,Thursday,November,2023,18.3,N,2.0,1,1.0,1.0,0.0,1.0,1.0,G,straight,no,yes,yes,1.0,no,Night,2023.0,11,2,Thursday,44,18.0,30.0,18-24,2,Vehicle to Vehicle,False,1,Hit from Back,False,1,Motorised Two-Wheeler,False,1,Motorised Two-Wheeler,False,0,1,Grievous
949.0,Kottarakkara,2612/2023,8.98415123731008,76.8056942549732,54.9,2.0,2023-11-11,Saturday,November,2023,20.45,N,2.0,10,7.0,1.0,0.0,1.0,0.0,G,curve,no,yes,no,1.0,no,Night,2023.0,11,11,Saturday,45,20.0,45.0,18-24,2,Vehicle to Vehicle,False,10,Not Known,False,7,Goods LCV/Goods Tempo/Mini Lorry/Mini Truck,False,1,Motorised Two-Wheeler,False,1,1,Grievous
950.0,Kottarakkara,2619/2023,8.932595,76.852516,46.2,2.0,2023-11-14,Tuesday,November,2023,23.0,N,2.0,1,3.0,1.0,1.0,0.0,0.0,F,straight,no,yes,no,0.0,no,Night,2023.0,11,14,Tuesday,46,23.0,0.0,18-24,2,Vehicle to Vehicle,False,1,Hit from Back,False,3,Car/Jeep/Taxi,False,1,Motorised Two-Wheeler,False,0,1,Fatal
951.0,Kottarakkara,2651/2023,8.91798378217338,76.8546797647321,44.4,2.0,2023-11-18,Saturday,November,2023,18.3,N,2.0,2,3.0,1.0,1.0,1.0,0.0,F,straight,no,yes,no,3.0,no,Night,2023.0,11,18,Saturday,46,18.0,30.0,18-24,2,Vehicle to Vehicle,False,2,Hit from Side,False,3,Car/Jeep/Taxi,False,1,Motorised Two-Wheeler,False,1,1,Fatal
952.0,Kottarakkara,2653/2023,8.98148959995883,76.8099067221396,54.3,2.0,2023-11-19,Sunday,November,2023,17.0,D,2.0,5,3.0,1.0,1.0,0.0,0.0,F,curve,no,yes,no,1.0,no,Day,2023.0,11,19,Sunday,46,17.0,0.0,12-18,2,Vehicle to Vehicle,False,5,Head On Collision,False,3,Car/Jeep/Taxi,False,1,Motorised Two-Wheeler,False,1,0,Fatal
953.0,Kottarakkara,2663/2023,8.99414327197394,76.7912773370701,57.0,2.0,2023-11-15,Wednesday,November,2023,16.3,D,2.0,1,1.0,1.0,0.0,1.0,0.0,G,curve,no,yes,no,0.0,yes,Day,2023.0,11,15,Wednesday,46,16.0,30.0,12-18,2,Vehicle to Vehicle,False,1,Hit from Back,False,1,Motorised Two-Wheeler,False,1,Motorised Two-Wheeler,False,0,0,Grievous
954.0,Kottarakkara,2677/2023,8.97270034417521,76.8245655321419,52.3,2.0,2023-11-16,Thursday,November,2023,20.3,N,2.0,5,1.0,2.0,0.0,2.0,1.0,G,curve,no,yes,no,0.0,no,Night,2023.0,11,16,Thursday,46,20.0,30.0,18-24,2,Vehicle to Vehicle,False,5,Head On Collision,False,1,Motorised Two-Wheeler,False,2,Passenger Auto,False,0,1,Grievous
955.0,Kottarakkara,2729/2023,8.97844120558223,76.8140542639751,53.7,2.0,2023-11-25,Saturday,November,2023,16.15,D,2.0,2,3.0,1.0,0.0,1.0,0.0,G,curve,no,yes,no,1.0,no,Day,2023.0,11,25,Saturday,47,16.0,15.0,12-18,2,Vehicle to Vehicle,False,2,Hit from Side,False,3,Car/Jeep/Taxi,False,1,Motorised Two-Wheeler,False,1,0,Grievous
956.0,Kottarakkara,2746/2023,8.99704410523383,76.7831973865771,58.0,2.0,2023-12-01,Friday,December,2023,9.46,D,2.0,2,3.0,1.0,0.0,1.0,0.0,G,curve,no,yes,yes,0.0,yes,Day,2023.0,12,1,Friday,48,9.0,46.0,6-12,2,Vehicle to Vehicle,False,2,Hit from Side,False,3,Car/Jeep/Taxi,False,1,Motorised Two-Wheeler,False,0,0,Grievous
957.0,Kottarakkara,2765/2023,8.91937568388977,76.8552963795412,44.6,2.0,2023-12-04,Monday,December,2023,17.3,D,2.0,10,3.0,10.0,0.0,1.0,0.0,G,curve,no,yes,no,2.0,no,Day,2023.0,12,4,Monday,49,17.0,30.0,12-18,2,Vehicle to Vehicle,False,10,Not Known,False,3,Car/Jeep/Taxi,False,10,Bicycle,False,0,0,Grievous