Sl No,NO OF ACCIDENT REPORTED ON THIS CORRIDOR UNDER JURISDICTION,FIR NO,Latitude,Longitude,Distance,NO. OF VEHICLE,Date,DAY OF THE WEEK,Month of the year,Year of Accident,Time,D/N,PATTERN OF COLLISION,TYPE OF COLLISION,TYPE OF VEHICLE-1,TYPE OF VEHICLE-2,FATAL,GRIEVOUS,MINOR,SEVERITY,GEOMETRY,PRESENCE OF MEDIAN,PRESENCE OF SHOULDER,PRESENCE OF FOOTPATH,SIDE ROAD,JN/NOT,day_night_label,year,month_num,day,day_of_week,week_of_year,hour,minute,time_bucket,PATTERN_OF_COLLISION_CODE,PATTERN_OF_COLLISION_LABEL,PATTERN_OF_COLLISION_UNKNOWN,TYPE_OF_COLLISION_CODE,TYPE_OF_COLLISION_LABEL,TYPE_OF_COLLISION_UNKNOWN,TYPE_OF_VEHICLE_1_CODE,TYPE_OF_VEHICLE_1_LABEL,TYPE_OF_VEHICLE_1_UNKNOWN,TYPE_OF_VEHICLE_2_CODE,TYPE_OF_VEHICLE_2_LABEL,TYPE_OF_VEHICLE_2_UNKNOWN,is_weekend,is_night,severity_target
1087.0,Adoor,239/2021,9.144761,76.732812,76.8,2.0,2021-02-11,Thursday,February,2021,22.3,N,2.0,2,3.0,1.0,0.0,2.0,0.0,G,curve,no,yes,yes,0.0,yes,Night,2021.0,2,11,Thursday,6,22.0,30.0,18-24,2,Vehicle to Vehicle,False,2,Hit from Side,False,3,Car/Jeep/Taxi,False,1,Motorised Two-Wheeler,False,0,1,Grievous
1088.0,Adoor,277/2021,9.132747,76.736795,75.3,2.0,2021-02-17,Wednesday,February,17-02-2021,18.4,N,2.0,5,3.0,1.0,0.0,1.0,0.0,G,straight,no,yes,yes,0.0,yes,Night,2021.0,2,17,Wednesday,7,18.0,40.0,18-24,2,Vehicle to Vehicle,False,5,Head On Collision,False,3,Car/Jeep/Taxi,False,1,Motorised Two-Wheeler,False,0,1,Grievous
1089.0,Adoor,293/2021,9.149363,76.729784,77.4,1.0,2021-02-12,Friday,February,2021,6.3,D,3.0,8,1.0,11.0,0.0,1.0,0.0,G,curve,no,yes,yes,0.0,yes,Day,2021.0,2,12,Friday,6,6.0,30.0,6-12,3,Vehicle to Pedestrian,False,8,Hit Pedestrian,False,1,Motorised Two-Wheeler,False,11,Pedestrian,False,0,0,Grievous
1090.0,Adoor,305/2021,9.132747,76.736795,75.3,1.0,2021-02-21,Sunday,February,21-02-2021,19.0,N,1.0,4,1.0,0.0,0.0,1.0,0.0,G,straight,no,yes,no,2.0,no,Night,2021.0,2,21,Sunday,7,19.0,0.0,18-24,1,Single Vehicle,False,4,Vehicle Overturn/Skidding,False,1,Motorised Two-Wheeler,False,0,Unknown/Out-of-master,True,1,1,Grievous
1091.0,Adoor,308/2021,9.151978,76.727755,77.8,2.0,2021-02-20,Saturday,February,20-02-2021,18.3,N,2.0,5,1.0,1.0,0.0,1.0,0.0,G,curve,no,yes,yes,0.0,yes,Night,2021.0,2,20,Saturday,7,18.0,30.0,18-24,2,Vehicle to Vehicle,False,5,Head On Collision,False,1,Motorised Two-Wheeler,False,1,Motorised Two-Wheeler,False,1,1,Grievous
1092.0,Adoor,347/2021,9.1556,76.726167,78.2,2.0,2021-03-01,Monday,March,2021,20.15,N,2.0,2,3.0,2.0,0.0,1.0,0.0,G,curve,no,yes,yes,1.0,no,Night,2021.0,3,1,Monday,9,20.0,15.0,18-24,2,Vehicle to Vehicle,False,2,Hit from Side,False,3,Car/Jeep/Taxi,False,2,Passenger Auto,False,0,1,Grievous
1093.0,Adoor,366/2021,9.132747,76.736795,75.3,2.0,2021-03-05,Friday,March,2021,11.45,D,2.0,5,3.0,1.0,0.0,1.0,1.0,G,curve,no,yes,yes,0.0,no,Day,2021.0,3,5,Friday,9,11.0,45.0,6-12,2,Vehicle to Vehicle,False,5,Head On Collision,False,3,Car/Jeep/Taxi,False,1,Motorised Two-Wheeler,False,0,0,Grievous
1094.0,Adoor,376/2021,9.139898,76.734331,76.2,1.0,2021-03-09,Tuesday,March,2021,23.15,N,3.0,8,3.0,11.0,1.0,0.0,0.0,F,curve,no,yes,yes,0.0,yes,Night,2021.0,3,9,Tuesday,10,23.0,15.0,18-24,3,Vehicle to Pedestrian,False,8,Hit Pedestrian,False,3,Car/Jeep/Taxi,False,11,Pedestrian,False,0,1,Fatal
1095.0,Adoor,406/2021,9.144761,76.732812,76.8,2.0,2021-03-10,Wednesday,March,2021,17.3,D,2.0,1,3.0,1.0,0.0,1.0,0.0,G,curve,no,yes,yes,0.0,yes,Day,2021.0,3,10,Wednesday,10,17.0,30.0,12-18,2,Vehicle to Vehicle,False,1,Hit from Back,False,3,Car/Jeep/Taxi,False,1,Motorised Two-Wheeler,False,0,0,Grievous
1096.0,Adoor,408/2021,9.1556,76.726167,78.2,2.0,2021-03-14,Sunday,March,14-03-2021,20.2,N,2.0,2,1.0,3.0,0.0,1.0,0.0,G,straight,no,yes,no,1.0,no,Night,2021.0,3,14,Sunday,10,20.0,20.0,18-24,2,Vehicle to Vehicle,False,2,Hit from Side,False,1,Motorised Two-Wheeler,False,3,Car/Jeep/Taxi,False,1,1,Grievous
1097.0,Adoor,525/2021,9.144761,76.732812,76.8,2.0,2021-03-17,Wednesday,March,17-03-2021,11.15,D,2.0,2,8.0,1.0,0.0,1.0,0.0,G,curve,no,yes,yes,0.0,no,Day,2021.0,3,17,Wednesday,11,11.0,15.0,6-12,2,Vehicle to Vehicle,False,2,Hit from Side,False,8,Truck/Lorry,False,1,Motorised Two-Wheeler,False,0,0,Grievous
1098.0,Adoor,643/2021,9.136083,76.735395,75.8,2.0,2021-04-15,Thursday,April,15-04-2021,16.0,D,2.0,5,6.0,1.0,0.0,1.0,0.0,G,straight,no,yes,yes,0.0,yes,Day,2021.0,4,15,Thursday,15,16.0,0.0,12-18,2,Vehicle to Vehicle,False,5,Head On Collision,False,6,Goods Auto/Goods Pick-up Van,False,1,Motorised Two-Wheeler,False,0,0,Grievous
1099.0,Adoor,1200/2021,9.131769,76.737752,75.2,2.0,2021-06-24,Thursday,June,24-06-2021,14.0,D,2.0,2,1.0,1.0,0.0,1.0,0.0,G,curve,no,yes,no,1.0,no,Day,2021.0,6,24,Thursday,25,14.0,0.0,12-18,2,Vehicle to Vehicle,False,2,Hit from Side,False,1,Motorised Two-Wheeler,False,1,Motorised Two-Wheeler,False,0,0,Grievous
1100.0,Adoor,1257/2021,9.149363,76.729784,77.4,1.0,2021-07-16,Friday,July,16-07-2021,17.0,D,3.0,8,1.0,11.0,0.0,0.0,1.0,M,curve,no,yes,yes,2.0,no,Day,2021.0,7,16,Friday,28,17.0,0.0,12-18,3,Vehicle to Pedestrian,False,8,Hit Pedestrian,False,1,Motorised Two-Wheeler,False,11,Pedestrian,False,0,0,Minor
1101.0,Adoor,1282/2021,9.144761,76.732812,76.8,2.0,2021-07-22,Thursday,July,22-07-2021,23.0,N,2.0,1,8.0,1.0,1.0,1.0,0.0,F,straight,no,yes,no,2.0,no,Night,2021.0,7,22,Thursday,29,23.0,0.0,18-24,2,Vehicle to Vehicle,False,1,Hit from Back,False,8,Truck/Lorry,False,1,Motorised Two-Wheeler,False,0,1,Fatal
1102.0,Adoor,2006/2021,9.151325,76.728109,77.7,1.0,2021-11-13,Saturday,November,13-11-2021,4.45,D,1.0,8,3.0,11.0,1.0,0.0,0.0,F,straight,no,yes,yes,0.0,yes,Day,2021.0,11,13,Saturday,45,4.0,45.0,0-6,1,Single Vehicle,False,8,Hit Pedestrian,False,3,Car/Jeep/Taxi,False,11,Pedestrian,False,1,1,Fatal
1103.0,Adoor,2122/2021,9.144761,76.732812,76.8,2.0,2021-11-28,Sunday,November,28-11-2021,20.0,N,2.0,1,3.0,3.0,0.0,0.0,1.0,M,straight,no,yes,yes,0.0,no,Night,2021.0,11,28,Sunday,47,20.0,0.0,18-24,2,Vehicle to Vehicle,False,1,Hit from Back,False,3,Car/Jeep/Taxi,False,3,Car/Jeep/Taxi,False,1,1,Minor
1104.0,Adoor,2139/2021,9.151325,76.728109,77.7,2.0,2021-12-07,Tuesday,December,2021,17.0,D,2.0,5,3.0,2.0,0.0,0.0,1.0,M,straight,no,yes,yes,0.0,yes,Day,2021.0,12,7,Tuesday,49,17.0,0.0,12-18,2,Vehicle to Vehicle,False,5,Head On Collision,False,3,Car/Jeep/Taxi,False,2,Passenger Auto,False,0,0,Minor
1105.0,Adoor,2159/2021,9.144761,76.732812,77.0,2.0,2021-12-05,Sunday,December,2021,17.45,D,2.0,2,3.0,1.0,0.0,2.0,0.0,G,straight,no,yes,yes,0.0,no,Day,2021.0,12,5,Sunday,48,17.0,45.0,12-18,2,Vehicle to Vehicle,False,2,Hit from Side,False,3,Car/Jeep/Taxi,False,1,Motorised Two-Wheeler,False,1,0,Grievous
1106.0,Adoor,2196/2021,9.144761,76.732812,77.0,2.0,2021-08-01,Sunday,August,2021,11.0,D,2.0,2,3.0,1.0,0.0,1.0,0.0,G,curve,yes,yes,yes,0.0,yes,Day,2021.0,8,1,Sunday,30,11.0,0.0,6-12,2,Vehicle to Vehicle,False,2,Hit from Side,False,3,Car/Jeep/Taxi,False,1,Motorised Two-Wheeler,False,1,0,Grievous
1107.0,Adoor,2238/2021,9.132747,76.736795,75.3,2.0,2021-12-25,Saturday,December,25-12-2021,16.0,D,2.0,5,3.0,3.0,0.0,1.0,0.0,G,curve,yes,yes,yes,0.0,yes,Day,2021.0,12,25,Saturday,51,16.0,0.0,12-18,2,Vehicle to Vehicle,False,5,Head On Collision,False,3,Car/Jeep/Taxi,False,3,Car/Jeep/Taxi,False,1,0,Grievous
1108.0,Adoor,128/2022,9.132747,76.736795,75.3,2.0,2022-01-19,Wednesday,January,2022,18.3,N,2.0,2,1.0,1.0,0.0,1.0,1.0,G,curve,no,yes,yes,0.0,yes,Night,2022.0,1,19,Wednesday,3,18.0,30.0,18-24,2,Vehicle to Vehicle,False,2,Hit from Side,False,1,Motorised Two-Wheeler,False,1,Motorised Two-Wheeler,False,0,1,Grievous
1109.0,Adoor,139/2022,9.121077,76.743484,73.7,2.0,2022-01-23,Sunday,January,23-01-2022,14.45,D,2.0,1,4.0,1.0,0.0,1.0,1.0,G,curve,no,yes,yes,0.0,yes,Day,2022.0,1,23,Sunday,3,14.0,45.0,12-18,2,Vehicle to Vehicle,False,1,Hit from Back,False,4,Bus,False,1,Motorised Two-Wheeler,False,1,0,Grievous
1110.0,Adoor,210/2022,9.121077,76.743484,73.7,2.0,2022-02-02,Wednesday,February,2022,14.45,D,2.0,1,8.0,1.0,0.0,1.0,1.0,G,curve,no,yes,no,2.0,no,Day,2022.0,2,2,Wednesday,5,14.0,45.0,12-18,2,Vehicle to Vehicle,False,1,Hit from Back,False,8,Truck/Lorry,False,1,Motorised Two-Wheeler,False,0,0,Grievous
1111.0,Adoor,252/2022,9.144761,76.732812,77.0,2.0,2022-02-06,Sunday,February,2022,15.3,D,2.0,5,4.0,2.0,0.0,1.0,0.0,G,curve,no,yes,no,2.0,no,Day,2022.0,2,6,Sunday,5,15.0,30.0,12-18,2,Vehicle to Vehicle,False,5,Head On Collision,False,4,Bus,False,2,Passenger Auto,False,1,0,Grievous
1112.0,Adoor,350/2022,9.155613,76.726226,78.2,2.0,2022-02-13,Sunday,February,13-02-2022,23.3,N,2.0,5,1.0,1.0,0.0,1.0,0.0,G,curve,yes,yes,yes,0.0,yes,Night,2022.0,2,13,Sunday,6,23.0,30.0,18-24,2,Vehicle to Vehicle,False,5,Head On Collision,False,1,Motorised Two-Wheeler,False,1,Motorised Two-Wheeler,False,1,1,Grievous
1113.0,Adoor,394/2022,9.136083,76.735395,75.8,1.0,2022-02-16,Wednesday,February,16-02-2022,15.45,D,3.0,8,1.0,11.0,0.0,1.0,0.0,G,curve,no,yes,no,1.0,no,Day,2022.0,2,16,Wednesday,7,15.0,45.0,12-18,3,Vehicle to Pedestrian,False,8,Hit Pedestrian,False,1,Motorised Two-Wheeler,False,11,Pedestrian,False,0,0,Grievous
1114.0,Adoor,454/2022,9.152071,76.727669,77.8,1.0,2022-03-16,Wednesday,March,16-03-2022,23.3,N,1.0,3,3.0,14.0,0.0,1.0,0.0,G,curve,no,yes,yes,1.0,no,Night,2022.0,3,16,Wednesday,11,23.0,30.0,18-24,1,Single Vehicle,False,3,Run Off Road,False,3,Car/Jeep/Taxi,False,14,Others (Specify),False,0,1,Grievous
1115.0,Adoor,470/2022,9.132747,76.736795,75.3,1.0,2022-03-22,Tuesday,March,22-03-2022,19.3,N,3.0,8,1.0,11.0,0.0,1.0,1.0,G,curve,no,yes,yes,1.0,no,Night,2022.0,3,22,Tuesday,12,19.0,30.0,18-24,3,Vehicle to Pedestrian,False,8,Hit Pedestrian,False,1,Motorised Two-Wheeler,False,11,Pedestrian,False,0,1,Grievous
1116.0,Adoor,506/2022,9.147682,76.730703,77.2,1.0,2022-04-05,Tuesday,April,2022,11.0,D,3.0,8,1.0,11.0,1.0,0.0,0.0,F,curve,no,yes,yes,1.0,no,Day,2022.0,4,5,Tuesday,14,11.0,0.0,6-12,3,Vehicle to Pedestrian,False,8,Hit Pedestrian,False,1,Motorised Two-Wheeler,False,11,Pedestrian,False,0,0,Fatal
1117.0,Adoor,643/2022,9.121077,76.743484,73.7,1.0,2022-04-29,Friday,April,29-04-2022,13.0,D,1.0,3,3.0,14.0,0.0,1.0,1.0,G,straight,no,yes,no,2.0,no,Day,2022.0,4,29,Friday,17,13.0,0.0,12-18,1,Single Vehicle,False,3,Run Off Road,False,3,Car/Jeep/Taxi,False,14,Others (Specify),False,0,0,Grievous
1118.0,Adoor,691/2022,9.146236,76.732023,77.0,2.0,2022-05-02,Monday,May,2022,13.0,D,2.0,5,3.0,1.0,0.0,1.0,1.0,G,curve,no,yes,no,2.0,no,Day,2022.0,5,2,Monday,18,13.0,0.0,12-18,2,Vehicle to Vehicle,False,5,Head On Collision,False,3,Car/Jeep/Taxi,False,1,Motorised Two-Wheeler,False,0,0,Grievous
1119.0,Adoor,899/2022,9.136083,76.735395,75.8,1.0,2022-06-20,Monday,June,20-06-2022,2.45,N,1.0,3,3.0,14.0,1.0,1.0,0.0,F,curve,yes,yes,yes,0.0,yes,Night,2022.0,6,20,Monday,25,2.0,45.0,0-6,1,Single Vehicle,False,3,Run Off Road,False,3,Car/Jeep/Taxi,False,14,Others (Specify),False,0,1,Fatal
1120.0,Adoor,5/2023,9.149395,76.729744,77.4,2.0,2022-12-15,Thursday,December,15-12-2022,14.0,D,2.0,2,3.0,1.0,0.0,1.0,0.0,G,curve,no,yes,no,1.0,no,Day,2022.0,12,15,Thursday,50,14.0,0.0,12-18,2,Vehicle to Vehicle,False,2,Hit from Side,False,3,Car/Jeep/Taxi,False,1,Motorised Two-Wheeler,False,0,0,Grievous
1121.0,Adoor,13/2023,9.144738,76.732792,77.0,2.0,2022-12-31,Saturday,December,31-12-2022,14.0,D,2.0,1,8.0,3.0,0.0,0.0,2.0,M,straight,no,yes,no,2.0,no,Day,2022.0,12,31,Saturday,52,14.0,0.0,12-18,2,Vehicle to Vehicle,False,1,Hit from Back,False,8,Truck/Lorry,False,3,Car/Jeep/Taxi,False,1,0,Minor
1122.0,Adoor,51/2023,9.132755,76.736767,75.3,2.0,2022-12-28,Wednesday,December,28-12-2022,18.45,N,2.0,5,1.0,1.0,0.0,1.0,0.0,G,curve,yes,yes,yes,0.0,yes,Night,2022.0,12,28,Wednesday,52,18.0,45.0,18-24,2,Vehicle to Vehicle,False,5,Head On Collision,False,1,Motorised Two-Wheeler,False,1,Motorised Two-Wheeler,False,0,1,Grievous
1123.0,Adoor,108/2023,9.124585,76.740588,74.3,2.0,2023-01-15,Sunday,January,15-01-2023,16.5,D,2.0,2,3.0,1.0,0.0,1.0,0.0,G,curve,no,yes,yes,0.0,yes,Day,2023.0,1,15,Sunday,2,16.0,50.0,12-18,2,Vehicle to Vehicle,False,2,Hit from Side,False,3,Car/Jeep/Taxi,False,1,Motorised Two-Wheeler,False,1,0,Grievous
1124.0,Adoor,113/2023,9.156361,76.724856,78.4,2.0,2023-01-04,Wednesday,January,2023,17.25,D,2.0,2,8.0,1.0,0.0,1.0,0.0,G,curve,no,yes,no,0.0,no,Day,2023.0,1,4,Wednesday,1,17.0,25.0,12-18,2,Vehicle to Vehicle,False,2,Hit from Side,False,8,Truck/Lorry,False,1,Motorised Two-Wheeler,False,0,0,Grievous
1125.0,Adoor,193/2023,9.14448,76.732902,76.8,2.0,2023-02-10,Friday,February,2023,10.3,D,2.0,2,2.0,1.0,0.0,1.0,0.0,G,straight,no,yes,yes,0.0,no,Day,2023.0,2,10,Friday,6,10.0,30.0,6-12,2,Vehicle to Vehicle,False,2,Hit from Side,False,2,Passenger Auto,False,1,Motorised Two-Wheeler,False,0,0,Grievous
1126.0,Adoor,224/2023,9.128827,76.740303,74.7,2.0,2023-02-13,Monday,February,13-02-2023,12.15,D,2.0,1,3.0,1.0,0.0,1.0,0.0,G,straight,no,yes,yes,0.0,yes,Day,2023.0,2,13,Monday,7,12.0,15.0,12-18,2,Vehicle to Vehicle,False,1,Hit from Back,False,3,Car/Jeep/Taxi,False,1,Motorised Two-Wheeler,False,0,0,Grievous
1127.0,Adoor,272/2023,9.144738,76.732792,76.8,2.0,2023-02-28,Tuesday,February,28-02-2023,15.0,D,2.0,1,1.0,1.0,0.0,1.0,0.0,G,curve,no,yes,no,1.0,no,Day,2023.0,2,28,Tuesday,9,15.0,0.0,12-18,2,Vehicle to Vehicle,False,1,Hit from Back,False,1,Motorised Two-Wheeler,False,1,Motorised Two-Wheeler,False,0,0,Grievous
1128.0,Adoor,276/2023,9.134609,76.735696,75.6,1.0,2023-03-02,Thursday,March,2023,11.3,D,3.0,8,3.0,11.0,0.0,1.0,0.0,G,straight,no,yes,yes,0.0,yes,Day,2023.0,3,2,Thursday,9,11.0,30.0,6-12,3,Vehicle to Pedestrian,False,8,Hit Pedestrian,False,3,Car/Jeep/Taxi,False,11,Pedestrian,False,0,0,Grievous
1129.0,Adoor,527/2023,9.140269,76.734384,76.2,2.0,2023-04-03,Monday,April,2023,19.45,N,2.0,2,2.0,1.0,0.0,1.0,0.0,G,straight,no,yes,no,0.0,no,Night,2023.0,4,3,Monday,14,19.0,45.0,18-24,2,Vehicle to Vehicle,False,2,Hit from Side,False,2,Passenger Auto,False,1,Motorised Two-Wheeler,False,0,1,Grievous
1130.0,Adoor,566/2023,9.152703,76.72742,77.9,2.0,2023-05-05,Friday,May,2023,16.3,D,2.0,2,1.0,1.0,0.0,1.0,1.0,G,straight,no,yes,no,1.0,no,Day,2023.0,5,5,Friday,18,16.0,30.0,12-18,2,Vehicle to Vehicle,False,2,Hit from Side,False,1,Motorised Two-Wheeler,False,1,Motorised Two-Wheeler,False,0,0,Grievous
1131.0,Adoor,616/2023,9.154934,76.726917,78.1,2.0,2023-05-15,Monday,May,15-05-2023,12.0,D,2.0,2,6.0,1.0,0.0,1.0,0.0,G,curve,no,yes,yes,2.0,no,Day,2023.0,5,15,Monday,20,12.0,0.0,12-18,2,Vehicle to Vehicle,False,2,Hit from Side,False,6,Goods Auto/Goods Pick-up Van,False,1,Motorised Two-Wheeler,False,0,0,Grievous
1132.0,Adoor,663/2023,9.143751,76.733169,76.7,2.0,2023-05-29,Monday,May,29-05-2023,22.3,N,2.0,5,3.0,1.0,1.0,0.0,0.0,F,curve,no,yes,yes,2.0,no,Night,2023.0,5,29,Monday,22,22.0,30.0,18-24,2,Vehicle to Vehicle,False,5,Head On Collision,False,3,Car/Jeep/Taxi,False,1,Motorised Two-Wheeler,False,0,1,Fatal
1133.0,Adoor,756/2023,9.147524,76.730818,77.2,2.0,2023-06-12,Monday,June,2023,23.3,N,2.0,5,8.0,6.0,1.0,0.0,0.0,F,straight,no,yes,yes,1.0,no,Night,2023.0,6,12,Monday,24,23.0,30.0,18-24,2,Vehicle to Vehicle,False,5,Head On Collision,False,8,Truck/Lorry,False,6,Goods Auto/Goods Pick-up Van,False,0,1,Fatal
1134.0,Adoor,767/2023,9.147554,76.730783,77.2,2.0,2023-06-12,Monday,June,2023,10.3,D,2.0,7,1.0,1.0,0.0,1.0,0.0,G,straight,no,yes,no,2.0,no,Day,2023.0,6,12,Monday,24,10.0,30.0,6-12,2,Vehicle to Vehicle,False,7,Side Swipe,False,1,Motorised Two-Wheeler,False,1,Motorised Two-Wheeler,False,0,0,Grievous
1135.0,Adoor,789/2023,9.152703,76.72742,77.9,2.0,2023-06-16,Friday,June,16-06-2023,12.0,D,2.0,5,3.0,3.0,0.0,2.0,1.0,G,straight,no,yes,no,2.0,no,Day,2023.0,6,16,Friday,24,12.0,0.0,12-18,2,Vehicle to Vehicle,False,5,Head On Collision,False,3,Car/Jeep/Taxi,False,3,Car/Jeep/Taxi,False,0,0,Grievous
1136.0,Adoor,868/2023,9.128827,76.740303,74.7,2.0,2023-06-15,Thursday,June,15-06-2023,17.3,D,2.0,1,7.0,2.0,0.0,0.0,1.0,M,curve,no,yes,yes,2.0,no,Day,2023.0,6,15,Thursday,24,17.0,30.0,12-18,2,Vehicle to Vehicle,False,1,Hit from Back,False,7,Goods LCV/Goods Tempo/Mini Lorry/Mini Truck,False,2,Passenger Auto,False,0,0,Minor
1137.0,Adoor,906/2023,9.147554,76.730783,77.2,2.0,2023-07-09,Sunday,July,2023,15.3,D,2.0,2,3.0,1.0,0.0,1.0,1.0,G,curve,no,yes,no,1.0,no,Day,2023.0,7,9,Sunday,27,15.0,30.0,12-18,2,Vehicle to Vehicle,False,2,Hit from Side,False,3,Car/Jeep/Taxi,False,1,Motorised Two-Wheeler,False,1,0,Grievous
1138.0,Adoor,984/2023,9.146276,76.732053,77.0,2.0,2023-07-22,Saturday,July,22-07-2023,22.0,N,2.0,2,3.0,1.0,0.0,1.0,0.0,G,straight,no,yes,no,2.0,no,Night,2023.0,7,22,Saturday,29,22.0,0.0,18-24,2,Vehicle to Vehicle,False,2,Hit from Side,False,3,Car/Jeep/Taxi,False,1,Motorised Two-Wheeler,False,1,1,Grievous
1139.0,Adoor,1035/2023,9.1355763392843,76.7354741045452,75.8,1.0,2023-07-31,Monday,July,31-07-2023,16.3,D,1.0,4,2.0,0.0,0.0,2.0,1.0,G,curve,yes,yes,yes,0.0,yes,Day,2023.0,7,31,Monday,31,16.0,30.0,12-18,1,Single Vehicle,False,4,Vehicle Overturn/Skidding,False,2,Passenger Auto,False,0,Unknown/Out-of-master,True,0,0,Grievous
1140.0,Adoor,1047/2023,9.14767140853303,76.7307060691061,77.2,2.0,2023-07-29,Saturday,July,29-07-2023,7.04,N,2.0,5,3.0,1.0,0.0,1.0,0.0,G,curve,no,yes,no,1.0,no,Night,2023.0,7,29,Saturday,30,7.0,4.0,6-12,2,Vehicle to Vehicle,False,5,Head On Collision,False,3,Car/Jeep/Taxi,False,1,Motorised Two-Wheeler,False,1,1,Grievous
1141.0,Adoor,1058/2023,9.1523,76.727537,77.8,2.0,2023-07-31,Monday,July,31-07-2023,11.3,D,2.0,1,3.0,1.0,0.0,1.0,0.0,G,straight,no,yes,no,2.0,no,Day,2023.0,7,31,Monday,31,11.0,30.0,6-12,2,Vehicle to Vehicle,False,1,Hit from Back,False,3,Car/Jeep/Taxi,False,1,Motorised Two-Wheeler,False,0,0,Grievous
1142.0,Adoor,1100/2023,9.128827,76.740303,74.7,2.0,2023-08-06,Sunday,August,2023,0.45,N,2.0,5,3.0,1.0,0.0,1.0,0.0,G,curve,no,yes,yes,1.0,no,Night,2023.0,8,6,Sunday,31,0.0,45.0,0-6,2,Vehicle to Vehicle,False,5,Head On Collision,False,3,Car/Jeep/Taxi,False,1,Motorised Two-Wheeler,False,1,1,Grievous
1143.0,Adoor,1117/2023,9.147554,76.730783,77.2,2.0,2023-08-09,Wednesday,August,2023,14.3,D,2.0,1,3.0,1.0,0.0,1.0,1.0,G,curve,no,yes,no,1.0,no,Day,2023.0,8,9,Wednesday,32,14.0,30.0,12-18,2,Vehicle to Vehicle,False,1,Hit from Back,False,3,Car/Jeep/Taxi,False,1,Motorised Two-Wheeler,False,0,0,Grievous
1144.0,Adoor,1182/2023,9.14994,76.729375,77.5,2.0,2023-08-24,Thursday,August,24-08-2023,13.0,D,2.0,1,3.0,1.0,0.0,1.0,0.0,G,straight,no,yes,no,2.0,no,Day,2023.0,8,24,Thursday,34,13.0,0.0,12-18,2,Vehicle to Vehicle,False,1,Hit from Back,False,3,Car/Jeep/Taxi,False,1,Motorised Two-Wheeler,False,0,0,Grievous
1145.0,Adoor,1219/2023,9.1327890215707,76.7366919633187,75.3,1.0,2023-08-24,Thursday,August,24-08-2023,8.0,D,3.0,8,3.0,11.0,0.0,1.0,0.0,G,straight,no,yes,no,0.0,no,Day,2023.0,8,24,Thursday,34,8.0,0.0,6-12,3,Vehicle to Pedestrian,False,8,Hit Pedestrian,False,3,Car/Jeep/Taxi,False,11,Pedestrian,False,0,0,Grievous
1146.0,Adoor,1380/2023,9.12478963738609,76.740513107845,74.3,1.0,2023-09-23,Saturday,September,23-09-2023,13.45,D,1.0,4,2.0,0.0,0.0,0.0,2.0,M,curve,no,yes,yes,0.0,yes,Day,2023.0,9,23,Saturday,38,13.0,45.0,12-18,1,Single Vehicle,False,4,Vehicle Overturn/Skidding,False,2,Passenger Auto,False,0,Unknown/Out-of-master,True,1,0,Minor
1147.0,Adoor,1493/2023,9.1327890215707,76.7366919633187,75.3,2.0,2023-10-15,Sunday,October,15-10-2023,14.3,D,6.0,1,3.0,3.0,0.0,1.0,2.0,G,curve,no,yes,no,0.0,no,Day,2023.0,10,15,Sunday,41,14.0,30.0,12-18,6,Hit Standing/Parked Vehicle,False,1,Hit from Back,False,3,Car/Jeep/Taxi,False,3,Car/Jeep/Taxi,False,1,0,Grievous
1148.0,Adoor,1589/2023,9.128827,76.740303,74.7,2.0,2023-10-28,Saturday,October,28-10-2023,12.3,D,2.0,5,6.0,1.0,0.0,1.0,0.0,G,curve,no,yes,yes,0.0,yes,Day,2023.0,10,28,Saturday,43,12.0,30.0,12-18,2,Vehicle to Vehicle,False,5,Head On Collision,False,6,Goods Auto/Goods Pick-up Van,False,1,Motorised Two-Wheeler,False,1,0,Grievous
1149.0,Adoor,1628/2023,9.136826,76.735293,75.8,1.0,2023-11-09,Thursday,November,2023,19.0,N,3.0,8,1.0,11.0,0.0,1.0,0.0,G,curve,no,yes,no,1.0,no,Night,2023.0,11,9,Thursday,45,19.0,0.0,18-24,3,Vehicle to Pedestrian,False,8,Hit Pedestrian,False,1,Motorised Two-Wheeler,False,11,Pedestrian,False,0,1,Grievous
1150.0,Adoor,1727/2023,9.133978,76.73588,75.5,2.0,2023-11-30,Thursday,November,30-11-2023,22.0,N,2.0,5,1.0,1.0,0.0,1.0,0.0,G,curve,no,yes,no,1.0,no,Night,2023.0,11,30,Thursday,48,22.0,0.0,18-24,2,Vehicle to Vehicle,False,5,Head On Collision,False,1,Motorised Two-Wheeler,False,1,Motorised Two-Wheeler,False,0,1,Grievous
1151.0,Adoor,1816/2023,9.152703,76.72742,77.9,2.0,2023-12-08,Friday,December,2023,18.0,D,2.0,2,3.0,1.0,0.0,1.0,0.0,G,curve,no,yes,yes,0.0,no,Day,2023.0,12,8,Friday,49,18.0,0.0,18-24,2,Vehicle to Vehicle,False,2,Hit from Side,False,3,Car/Jeep/Taxi,False,1,Motorised Two-Wheeler,False,0,0,Grievous